,0
0,Dataset2/Char/5/IRTB212_200_30_16_167.bmp
1,Dataset2/Char/5/Bwts213_200_31_20_167.bmp
2,Dataset2/Char/5/FSTB212_200_30_16_167.bmp
3,Dataset2/Char/5/Asts331_300_31_12_167.bmp
4,Dataset2/Char/5/Asts331_300_31_14_167.bmp
5,Dataset2/Char/5/Asts212_200_31_20_167.bmp
6,Dataset2/Char/5/Astb321_300_30_14_167.bmp
7,Dataset2/Char/5/Cdtb211_200_30_12_167.bmp
8,Dataset2/Char/5/Asts321_300_31_14_167.bmp
9,Dataset2/Char/5/Dltb212_200_30_16_167.bmp
10,Dataset2/Char/5/Dlts211_200_31_14_167.bmp
11,Dataset2/Char/5/Astb312_300_30_20_167.bmp
12,Dataset2/Char/5/Dlts211_200_31_08_167.bmp
13,Dataset2/Char/5/Astb312_300_30_22_167.bmp
14,Dataset2/Char/5/Dltb213_200_30_20_167.bmp
15,Dataset2/Char/5/FSTB211_200_30_14_167.bmp
16,Dataset2/Char/5/Asts311_300_31_10_167.bmp
17,Dataset2/Char/5/Asts211_200_31_12_167.bmp
18,Dataset2/Char/5/KTTS212_200_31_18_167.bmp
19,Dataset2/Char/5/Asts312_300_31_22_167.bmp
20,Dataset2/Char/5/Bwtb312_300_30_16_167.bmp
21,Dataset2/Char/5/KTTS213_200_31_20_167.bmp
22,Dataset2/Char/5/KTTB212_200_30_18_167.bmp
23,Dataset2/Char/5/Bwtb311_300_30_12_167.bmp
24,Dataset2/Char/5/Bwtb212_200_30_16_167.bmp
25,Dataset2/Char/5/PPTB212_200_30_16_167.bmp
26,Dataset2/Char/5/Asts312_300_31_20_167.bmp
27,Dataset2/Char/5/Asts321_300_31_16_167.bmp
28,Dataset2/Char/5/IRTS211_200_31_14_167.bmp
29,Dataset2/Char/5/Cdtb211_200_30_10_167.bmp
30,Dataset2/Char/5/Asts332_300_31_22_167.bmp
31,Dataset2/Char/5/FSTS213_200_31_22_167.bmp
32,Dataset2/Char/5/Ects211_200_31_14_167.bmp
33,Dataset2/Char/5/Bwtb311_300_30_10_167.bmp
34,Dataset2/Char/5/FSTS212_200_31_18_167.bmp
35,Dataset2/Char/5/KTTB213_200_30_22_167.bmp
36,Dataset2/Char/5/JTTS212_200_31_22_167.bmp
37,Dataset2/Char/5/Dlts213_200_31_22_167.bmp
38,Dataset2/Char/5/JTTB211_200_30_12_167.bmp
39,Dataset2/Char/5/Asts322_300_31_20_167.bmp
40,Dataset2/Char/5/KKTS212_200_31_18_167.bmp
41,Dataset2/Char/5/KTTS212_200_31_16_167.bmp
42,Dataset2/Char/5/Cdts212_200_31_18_167.bmp
43,Dataset2/Char/5/Astb212_200_30_22_167.bmp
44,Dataset2/Char/5/IRTB212_200_30_18_167.bmp
45,Dataset2/Char/5/Ects211_200_31_12_167.bmp
46,Dataset2/Char/5/Asts311_300_31_16_167.bmp
47,Dataset2/Char/5/FSTB213_200_30_22_167.bmp
48,Dataset2/Char/5/Bwts211_200_31_10_167.bmp
49,Dataset2/Char/5/Dltb211_200_30_14_167.bmp
50,Dataset2/Char/5/Asts311_300_31_14_167.bmp
51,Dataset2/Char/5/Dltb212_200_30_18_167.bmp
52,Dataset2/Char/5/JTTB212_200_30_22_167.bmp
53,Dataset2/Char/5/Asts321_300_31_08_167.bmp
54,Dataset2/Char/5/Cdts213_200_31_20_167.bmp
55,Dataset2/Char/5/Bwts213_200_31_22_167.bmp
56,Dataset2/Char/5/Astb321_300_30_16_167.bmp
57,Dataset2/Char/5/Cdtb212_200_30_16_167.bmp
58,Dataset2/Char/5/Cdts211_200_31_14_167.bmp
59,Dataset2/Char/5/Cdts212_200_31_16_167.bmp
60,Dataset2/Char/5/Bwtb213_200_30_20_167.bmp
61,Dataset2/Char/5/Asts322_300_31_18_167.bmp
62,Dataset2/Char/5/Bwts211_200_31_12_167.bmp
63,Dataset2/Char/5/Astb322_300_30_18_167.bmp
64,Dataset2/Char/5/KTTB213_200_30_20_167.bmp
65,Dataset2/Char/5/Cdtb212_200_30_18_167.bmp
66,Dataset2/Char/5/KTTS213_200_31_22_167.bmp
67,Dataset2/Char/5/JTTB212_200_30_20_167.bmp
68,Dataset2/Char/5/Bwtb311_300_30_08_167.bmp
69,Dataset2/Char/5/PPTB211_200_30_10_167.bmp
70,Dataset2/Char/5/PPTB211_200_30_14_167.bmp
71,Dataset2/Char/5/Asts311_300_31_08_167.bmp
72,Dataset2/Char/5/PPTB213_200_30_20_167.bmp
73,Dataset2/Char/5/IRTS212_200_31_16_167.bmp
74,Dataset2/Char/5/PPTB213_200_30_22_167.bmp
75,Dataset2/Char/5/Astb322_300_30_20_167.bmp
76,Dataset2/Char/5/KTTS211_200_31_14_167.bmp
77,Dataset2/Char/5/Astb321_300_30_10_167.bmp
78,Dataset2/Char/5/IRTB213_200_30_20_167.bmp
79,Dataset2/Char/5/JTTS211_200_31_10_167.bmp
80,Dataset2/Char/5/FSTS213_200_31_20_167.bmp
81,Dataset2/Char/5/PPTS212_200_31_18_167.bmp
82,Dataset2/Char/5/Ectb212_200_30_16_167.bmp
83,Dataset2/Char/5/Bwts212_200_31_18_167.bmp
84,Dataset2/Char/5/Cdts211_200_31_08_167.bmp
85,Dataset2/Char/5/Asts211_200_31_14_167.bmp
86,Dataset2/Char/5/IRTS212_200_31_18_167.bmp
87,Dataset2/Char/5/Astb212_200_30_18_167.bmp
88,Dataset2/Char/5/Astb321_300_30_12_167.bmp
89,Dataset2/Char/5/Asts331_300_31_16_167.bmp
90,Dataset2/Char/5/Astb212_200_30_20_167.bmp
91,Dataset2/Char/5/JTTB211_200_30_16_167.bmp
92,Dataset2/Char/5/Astb322_300_30_22_167.bmp
93,Dataset2/Char/5/Ects212_200_31_16_167.bmp
94,Dataset2/Char/5/Dlts213_200_31_20_167.bmp
95,Dataset2/Char/5/Dlts212_200_31_16_167.bmp
96,Dataset2/Char/5/Bwtb213_200_30_22_167.bmp
97,Dataset2/Char/5/Cdtb211_200_30_14_167.bmp
98,Dataset2/Char/5/JTTB211_200_30_14_167.bmp
99,Dataset2/Char/5/Cdts211_200_31_10_167.bmp
100,Dataset2/Char/5/IRTB213_200_30_22_167.bmp
101,Dataset2/Char/5/FSTB212_200_30_18_167.bmp
102,Dataset2/Char/5/KTTS211_200_31_10_167.bmp
103,Dataset2/Char/5/Asts211_200_31_16_167.bmp
104,Dataset2/Char/5/Asts312_300_31_18_167.bmp
105,Dataset2/Char/5/Cdtb213_200_30_22_167.bmp
106,Dataset2/Char/5/FSTS212_200_31_16_167.bmp
107,Dataset2/Char/5/Astb211_200_30_14_167.bmp
108,Dataset2/Char/5/Asts322_300_31_22_167.bmp
109,Dataset2/Char/5/Ectb211_200_30_14_167.bmp
110,Dataset2/Char/5/Asts331_300_31_08_167.bmp
111,Dataset2/Char/5/Ects211_200_31_10_167.bmp
112,Dataset2/Char/5/JTTS212_200_31_20_167.bmp
113,Dataset2/Char/5/Bwts211_200_31_14_167.bmp
114,Dataset2/Char/5/Astb312_300_30_18_167.bmp
115,Dataset2/Char/5/Bwtb212_200_30_18_167.bmp
116,Dataset2/Char/5/Asts212_200_31_18_167.bmp
117,Dataset2/Char/5/PPTS213_200_31_20_167.bmp
118,Dataset2/Char/5/FSTB213_200_30_20_167.bmp
119,Dataset2/Char/5/PPTS213_200_31_22_167.bmp
120,Dataset2/Char/5/Cdtb213_200_30_20_167.bmp
121,Dataset2/Char/5/FSTB211_200_30_12_167.bmp
122,Dataset2/Char/5/KKTB211_200_30_14_167.bmp
123,Dataset2/Char/5/Cdtb211_200_30_08_167.bmp
124,Dataset2/Char/5/KKTB211_200_30_16_167.bmp
125,Dataset2/Char/5/Ects212_200_31_18_167.bmp
126,Dataset2/Char/5/FSTS211_200_31_14_167.bmp
127,Dataset2/Char/5/JTTB212_200_30_18_167.bmp
128,Dataset2/Char/5/IRTS213_200_31_22_167.bmp
129,Dataset2/Char/5/KKTB212_200_30_22_167.bmp
130,Dataset2/Char/5/JTTS212_200_31_18_167.bmp
131,Dataset2/Char/5/JTTS211_200_31_12_167.bmp
132,Dataset2/Char/5/Cdts213_200_31_22_167.bmp
133,Dataset2/Char/5/Asts332_300_31_18_167.bmp
134,Dataset2/Char/5/Ects213_200_31_20_167.bmp
135,Dataset2/Char/5/FSTB211_200_30_10_167.bmp
136,Dataset2/Char/5/Asts321_300_31_12_167.bmp
137,Dataset2/Char/5/KTTS211_200_31_12_167.bmp
138,Dataset2/Char/5/PPTB212_200_30_18_167.bmp
139,Dataset2/Char/5/JTTS211_200_31_14_167.bmp
140,Dataset2/Char/5/Asts211_200_31_10_167.bmp
141,Dataset2/Char/5/Asts332_300_31_20_167.bmp
142,Dataset2/Char/5/Ects213_200_31_22_167.bmp
143,Dataset2/Char/5/Cdts211_200_31_12_167.bmp
144,Dataset2/Char/5/Astb321_300_30_08_167.bmp
145,Dataset2/Char/5/Dltb213_200_30_22_167.bmp
146,Dataset2/Char/5/KKTB212_200_30_18_167.bmp
147,Dataset2/Char/5/Bwtb311_300_30_14_167.bmp
148,Dataset2/Char/5/KKTS211_200_31_16_167.bmp
149,Dataset2/Char/5/KKTS212_200_31_20_167.bmp
150,Dataset2/Char/5/Asts212_200_31_22_167.bmp
151,Dataset2/Char/5/Asts311_300_31_12_167.bmp
152,Dataset2/Char/5/JTTS211_200_31_16_167.bmp
153,Dataset2/Char/5/Asts321_300_31_10_167.bmp
154,Dataset2/Char/5/Astb211_200_30_16_167.bmp
155,Dataset2/Char/5/KKTS212_200_31_22_167.bmp
156,Dataset2/Char/5/Bwts212_200_31_16_167.bmp
157,Dataset2/Char/5/Dlts212_200_31_18_167.bmp
158,Dataset2/Char/5/JTTS211_200_31_08_167.bmp
159,Dataset2/Char/5/Asts331_300_31_10_167.bmp
160,Dataset2/Char/11/Asts312_300_31_20_174.bmp
161,Dataset2/Char/11/IRTB212_200_30_16_174.bmp
162,Dataset2/Char/11/FSTS211_200_31_14_174.bmp
163,Dataset2/Char/11/Bwts213_200_31_20_174.bmp
164,Dataset2/Char/11/JTTS212_200_31_18_174.bmp
165,Dataset2/Char/11/KTTB213_200_30_22_174.bmp
166,Dataset2/Char/11/Asts321_300_31_16_174.bmp
167,Dataset2/Char/11/Dlts213_200_31_22_174.bmp
168,Dataset2/Char/11/JTTS211_200_31_10_174.bmp
169,Dataset2/Char/11/Dltb213_200_30_22_174.bmp
170,Dataset2/Char/11/FSTS211_200_31_12_174.bmp
171,Dataset2/Char/11/Bwtb212_200_30_18_174.bmp
172,Dataset2/Char/11/FSTB213_200_30_20_174.bmp
173,Dataset2/Char/11/Astb212_200_30_22_174.bmp
174,Dataset2/Char/11/Asts332_300_31_22_174.bmp
175,Dataset2/Char/11/KTTB213_200_30_20_174.bmp
176,Dataset2/Char/11/Asts321_300_31_10_174.bmp
177,Dataset2/Char/11/Asts322_300_31_20_174.bmp
178,Dataset2/Char/11/Bwtb213_200_30_22_174.bmp
179,Dataset2/Char/11/IRTB213_200_30_22_174.bmp
180,Dataset2/Char/11/Bwtb213_200_30_20_174.bmp
181,Dataset2/Char/11/Astb212_200_30_20_174.bmp
182,Dataset2/Char/11/Bwtb322_300_30_18_174.bmp
183,Dataset2/Char/11/Bwtb311_300_30_10_174.bmp
184,Dataset2/Char/11/Ects213_200_31_20_174.bmp
185,Dataset2/Char/11/JTTS211_200_31_16_174.bmp
186,Dataset2/Char/11/JTTS212_200_31_22_174.bmp
187,Dataset2/Char/11/Asts322_300_31_18_174.bmp
188,Dataset2/Char/11/Bwts212_200_31_18_174.bmp
189,Dataset2/Char/11/Bwtb323_300_30_20_174.bmp
190,Dataset2/Char/11/PPTS212_200_31_18_174.bmp
191,Dataset2/Char/11/Cdtb213_200_30_22_174.bmp
192,Dataset2/Char/11/KTTS212_200_31_18_174.bmp
193,Dataset2/Char/11/Bwtb321_300_30_14_174.bmp
194,Dataset2/Char/11/PPTS213_200_31_22_174.bmp
195,Dataset2/Char/11/Bwts312_300_31_16_174.bmp
196,Dataset2/Char/11/FSTB212_200_30_18_174.bmp
197,Dataset2/Char/11/Astb322_300_30_18_174.bmp
198,Dataset2/Char/11/Asts321_300_31_12_174.bmp
199,Dataset2/Char/11/Bwts213_200_31_22_174.bmp
200,Dataset2/Char/11/Astb212_200_30_18_174.bmp
201,Dataset2/Char/11/Asts211_200_31_14_174.bmp
202,Dataset2/Char/11/Asts212_200_31_18_174.bmp
203,Dataset2/Char/11/Dlts212_200_31_16_174.bmp
204,Dataset2/Char/11/Asts311_300_31_16_174.bmp
205,Dataset2/Char/11/KKTS212_200_31_18_174.bmp
206,Dataset2/Char/11/IRTB213_200_30_20_174.bmp
207,Dataset2/Char/11/Bwts211_200_31_14_174.bmp
208,Dataset2/Char/11/Bwts311_300_31_10_174.bmp
209,Dataset2/Char/11/KKTB211_200_30_16_174.bmp
210,Dataset2/Char/11/Asts211_200_31_12_174.bmp
211,Dataset2/Char/11/Ects213_200_31_22_174.bmp
212,Dataset2/Char/11/Ects211_200_31_14_174.bmp
213,Dataset2/Char/11/Bwts312_300_31_18_174.bmp
214,Dataset2/Char/11/Astb312_300_30_18_174.bmp
215,Dataset2/Char/11/PPTS213_200_31_20_174.bmp
216,Dataset2/Char/11/KTTS212_200_31_16_174.bmp
217,Dataset2/Char/11/Asts311_300_31_08_174.bmp
218,Dataset2/Char/11/Asts211_200_31_16_174.bmp
219,Dataset2/Char/11/Bwtb212_200_30_16_174.bmp
220,Dataset2/Char/11/Ectb213_200_30_22_174.bmp
221,Dataset2/Char/11/Dltb211_200_30_12_174.bmp
222,Dataset2/Char/11/FSTS213_200_31_20_174.bmp
223,Dataset2/Char/11/Bwts321_300_31_10_174.bmp
224,Dataset2/Char/11/Dlts212_200_31_18_174.bmp
225,Dataset2/Char/11/Asts322_300_31_22_174.bmp
226,Dataset2/Char/11/Cdts211_200_31_14_174.bmp
227,Dataset2/Char/11/Asts311_300_31_14_174.bmp
228,Dataset2/Char/11/Cdts212_200_31_16_174.bmp
229,Dataset2/Char/11/Astb312_300_30_22_174.bmp
230,Dataset2/Char/11/KKTS212_200_31_20_174.bmp
231,Dataset2/Char/11/IRTB212_200_30_18_174.bmp
232,Dataset2/Char/11/Asts332_300_31_18_174.bmp
233,Dataset2/Char/11/Bwts211_200_31_12_174.bmp
234,Dataset2/Char/11/Asts311_300_31_12_174.bmp
235,Dataset2/Char/11/Bwts311_300_31_12_174.bmp
236,Dataset2/Char/11/Cdts211_200_31_12_174.bmp
237,Dataset2/Char/11/Bwts311_300_31_08_174.bmp
238,Dataset2/Char/11/Ects212_200_31_16_174.bmp
239,Dataset2/Char/11/Bwts211_200_31_10_174.bmp
240,Dataset2/Char/11/Asts331_300_31_14_174.bmp
241,Dataset2/Char/11/Dltb213_200_30_20_174.bmp
242,Dataset2/Char/11/KKTB212_200_30_20_174.bmp
243,Dataset2/Char/11/Bwtb313_300_30_22_174.bmp
244,Dataset2/Char/11/Bwtb311_300_30_14_174.bmp
245,Dataset2/Char/11/IRTS211_200_31_12_174.bmp
246,Dataset2/Char/11/Cdts213_200_31_20_174.bmp
247,Dataset2/Char/11/Cdtb212_200_30_16_174.bmp
248,Dataset2/Char/11/IRTS212_200_31_16_174.bmp
249,Dataset2/Char/11/Bwtb323_300_30_22_174.bmp
250,Dataset2/Char/11/Cdts213_200_31_22_174.bmp
251,Dataset2/Char/11/Bwts322_300_31_16_174.bmp
252,Dataset2/Char/11/Astb211_200_30_14_174.bmp
253,Dataset2/Char/11/Astb211_200_30_16_174.bmp
254,Dataset2/Char/11/Dltb211_200_30_14_174.bmp
255,Dataset2/Char/11/Bwts313_300_31_22_174.bmp
256,Dataset2/Char/11/Bwtb311_300_30_08_174.bmp
257,Dataset2/Char/11/IRTS213_200_31_22_174.bmp
258,Dataset2/Char/11/Asts212_200_31_22_174.bmp
259,Dataset2/Char/11/IRTS213_200_31_20_174.bmp
260,Dataset2/Char/11/Dltb212_200_30_18_174.bmp
261,Dataset2/Char/11/Cdtb211_200_30_14_174.bmp
262,Dataset2/Char/11/Astb322_300_30_20_174.bmp
263,Dataset2/Char/11/Astb322_300_30_22_174.bmp
264,Dataset2/Char/11/Bwts322_300_31_18_174.bmp
265,Dataset2/Char/11/Asts332_300_31_20_174.bmp
266,Dataset2/Char/11/Ectb212_200_30_18_174.bmp
267,Dataset2/Char/11/KKTS211_200_31_16_174.bmp
268,Dataset2/Char/11/Bwts313_300_31_20_174.bmp
269,Dataset2/Char/11/IRTS211_200_31_10_174.bmp
270,Dataset2/Char/11/Ectb213_200_30_20_174.bmp
271,Dataset2/Char/11/Asts321_300_31_14_174.bmp
272,Dataset2/Char/11/Astb312_300_30_20_174.bmp
273,Dataset2/Char/11/JTTS211_200_31_14_174.bmp
274,Dataset2/Char/11/Asts311_300_31_10_174.bmp
275,Dataset2/Char/11/Ectb212_200_30_16_174.bmp
276,Dataset2/Char/11/Asts331_300_31_16_174.bmp
277,Dataset2/Char/11/Bwtb311_300_30_12_174.bmp
278,Dataset2/Char/11/KTTS213_200_31_20_174.bmp
279,Dataset2/Char/11/FSTS212_200_31_18_174.bmp
280,Dataset2/Char/11/KKTS212_200_31_22_174.bmp
281,Dataset2/Char/11/KTTS213_200_31_22_174.bmp
282,Dataset2/Char/11/Asts312_300_31_18_174.bmp
283,Dataset2/Char/11/KKTS211_200_31_14_174.bmp
284,Dataset2/Char/11/Bwts311_300_31_14_174.bmp
285,Dataset2/Char/11/Cdtb212_200_30_18_174.bmp
286,Dataset2/Char/11/FSTS213_200_31_22_174.bmp
287,Dataset2/Char/11/Cdts212_200_31_18_174.bmp
288,Dataset2/Char/11/KKTB212_200_30_22_174.bmp
289,Dataset2/Char/11/Bwtb313_300_30_20_174.bmp
290,Dataset2/Char/11/Dltb212_200_30_16_174.bmp
291,Dataset2/Char/11/Bwtb312_300_30_18_174.bmp
292,Dataset2/Char/11/Bwtb321_300_30_12_174.bmp
293,Dataset2/Char/11/JTTS211_200_31_12_174.bmp
294,Dataset2/Char/11/Asts212_200_31_20_174.bmp
295,Dataset2/Char/11/FSTB213_200_30_22_174.bmp
296,Dataset2/Char/11/Bwtb322_300_30_16_174.bmp
297,Dataset2/Char/11/PPTB213_200_30_22_174.bmp
298,Dataset2/Char/11/Cdts211_200_31_08_174.bmp
299,Dataset2/Char/11/Bwts321_300_31_14_174.bmp
300,Dataset2/Char/11/Cdtb213_200_30_20_174.bmp
301,Dataset2/Char/11/Asts312_300_31_22_174.bmp
302,Dataset2/Char/11/Dlts213_200_31_20_174.bmp
303,Dataset2/Char/11/IRTS212_200_31_18_174.bmp
304,Dataset2/Char/11/Bwts212_200_31_16_174.bmp
305,Dataset2/Char/11/FSTS212_200_31_16_174.bmp
306,Dataset2/Char/11/Cdts211_200_31_10_174.bmp
307,Dataset2/Char/11/Ects212_200_31_18_174.bmp
308,Dataset2/Char/11/IRTS211_200_31_14_174.bmp
309,Dataset2/Char/11/JTTS212_200_31_20_174.bmp
310,Dataset2/Char/8/Dlts212_200_31_16_170.bmp
311,Dataset2/Char/8/Dltb213_200_30_22_170.bmp
312,Dataset2/Char/8/KKTS211_200_31_12_170.bmp
313,Dataset2/Char/8/Cdtb213_200_30_22_170.bmp
314,Dataset2/Char/8/Bwts313_300_31_22_170.bmp
315,Dataset2/Char/8/KTTS211_200_31_10_170.bmp
316,Dataset2/Char/8/KKTS212_200_31_20_170.bmp
317,Dataset2/Char/8/Bwts331_300_31_08_170.bmp
318,Dataset2/Char/8/IRTS211_200_31_14_170.bmp
319,Dataset2/Char/8/Ects213_200_31_20_170.bmp
320,Dataset2/Char/8/Bwts213_200_31_20_170.bmp
321,Dataset2/Char/8/Bwts332_300_31_16_170.bmp
322,Dataset2/Char/8/IRTB211_200_30_12_170.bmp
323,Dataset2/Char/8/KKTB211_200_30_14_170.bmp
324,Dataset2/Char/8/IRTB213_200_30_22_170.bmp
325,Dataset2/Char/8/Ects213_200_31_22_170.bmp
326,Dataset2/Char/8/Dlts212_200_31_18_170.bmp
327,Dataset2/Char/8/Bwts212_200_31_16_170.bmp
328,Dataset2/Char/8/Dlts213_200_31_20_170.bmp
329,Dataset2/Char/8/FSTS213_200_31_20_170.bmp
330,Dataset2/Char/8/Bwts322_300_31_18_170.bmp
331,Dataset2/Char/8/Dlts211_200_31_12_170.bmp
332,Dataset2/Char/8/PPTB213_200_30_20_170.bmp
333,Dataset2/Char/8/Asts212_200_31_18_170.bmp
334,Dataset2/Char/8/PPTB212_200_30_16_170.bmp
335,Dataset2/Char/8/Cdts213_200_31_20_170.bmp
336,Dataset2/Char/8/JTTS212_200_31_22_170.bmp
337,Dataset2/Char/8/IRTS211_200_31_12_170.bmp
338,Dataset2/Char/8/Ectb211_200_30_14_170.bmp
339,Dataset2/Char/8/IRTS211_200_31_10_170.bmp
340,Dataset2/Char/8/PPTS211_200_31_10_170.bmp
341,Dataset2/Char/8/FSTB213_200_30_20_170.bmp
342,Dataset2/Char/8/IRTS213_200_31_20_170.bmp
343,Dataset2/Char/8/Astb212_200_30_22_170.bmp
344,Dataset2/Char/8/Cdts212_200_31_18_170.bmp
345,Dataset2/Char/8/KTTB212_200_30_16_170.bmp
346,Dataset2/Char/8/Ects211_200_31_14_170.bmp
347,Dataset2/Char/8/KTTS213_200_31_20_170.bmp
348,Dataset2/Char/8/Cdts211_200_31_12_170.bmp
349,Dataset2/Char/8/PPTB211_200_30_12_170.bmp
350,Dataset2/Char/8/IRTB211_200_30_14_170.bmp
351,Dataset2/Char/8/Bwtb213_200_30_20_170.bmp
352,Dataset2/Char/8/Bwts332_300_31_18_170.bmp
353,Dataset2/Char/8/Dltb212_200_30_18_170.bmp
354,Dataset2/Char/8/Cdts211_200_31_14_170.bmp
355,Dataset2/Char/8/JTTB211_200_30_16_170.bmp
356,Dataset2/Char/8/Ectb212_200_30_16_170.bmp
357,Dataset2/Char/8/Bwts211_200_31_14_170.bmp
358,Dataset2/Char/8/JTTS212_200_31_18_170.bmp
359,Dataset2/Char/8/Bwts331_300_31_12_170.bmp
360,Dataset2/Char/8/KTTB213_200_30_20_170.bmp
361,Dataset2/Char/8/Bwts321_300_31_08_170.bmp
362,Dataset2/Char/8/IRTS212_200_31_16_170.bmp
363,Dataset2/Char/8/Asts211_200_31_16_170.bmp
364,Dataset2/Char/8/KKTB211_200_30_16_170.bmp
365,Dataset2/Char/8/Bwts331_300_31_10_170.bmp
366,Dataset2/Char/8/JTTS211_200_31_14_170.bmp
367,Dataset2/Char/8/Bwts312_300_31_18_170.bmp
368,Dataset2/Char/8/Bwts321_300_31_14_170.bmp
369,Dataset2/Char/8/PPTS211_200_31_14_170.bmp
370,Dataset2/Char/8/KTTS212_200_31_18_170.bmp
371,Dataset2/Char/8/IRTB212_200_30_16_170.bmp
372,Dataset2/Char/8/FSTB212_200_30_18_170.bmp
373,Dataset2/Char/8/FSTB211_200_30_14_170.bmp
374,Dataset2/Char/8/PPTB212_200_30_18_170.bmp
375,Dataset2/Char/8/Bwts321_300_31_12_170.bmp
376,Dataset2/Char/8/Cdtb212_200_30_18_170.bmp
377,Dataset2/Char/8/Astb212_200_30_20_170.bmp
378,Dataset2/Char/8/Ectb213_200_30_22_170.bmp
379,Dataset2/Char/8/FSTB213_200_30_22_170.bmp
380,Dataset2/Char/8/Dlts211_200_31_14_170.bmp
381,Dataset2/Char/8/KKTS211_200_31_16_170.bmp
382,Dataset2/Char/8/KTTS213_200_31_22_170.bmp
383,Dataset2/Char/8/KTTS212_200_31_16_170.bmp
384,Dataset2/Char/8/Bwts333_300_31_22_170.bmp
385,Dataset2/Char/8/Cdts212_200_31_16_170.bmp
386,Dataset2/Char/8/JTTS212_200_31_20_170.bmp
387,Dataset2/Char/8/JTTB212_200_30_20_170.bmp
388,Dataset2/Char/8/Bwts323_300_31_22_170.bmp
389,Dataset2/Char/8/Bwts212_200_31_18_170.bmp
390,Dataset2/Char/8/Ectb213_200_30_20_170.bmp
391,Dataset2/Char/8/Bwts323_300_31_20_170.bmp
392,Dataset2/Char/8/KKTS212_200_31_22_170.bmp
393,Dataset2/Char/8/KKTB212_200_30_20_170.bmp
394,Dataset2/Char/8/FSTB211_200_30_12_170.bmp
395,Dataset2/Char/8/Bwts312_300_31_16_170.bmp
396,Dataset2/Char/8/KTTS211_200_31_12_170.bmp
397,Dataset2/Char/8/PPTS212_200_31_16_170.bmp
398,Dataset2/Char/8/KTTB213_200_30_22_170.bmp
399,Dataset2/Char/8/Dltb212_200_30_16_170.bmp
400,Dataset2/Char/8/PPTB211_200_30_14_170.bmp
401,Dataset2/Char/8/Ectb212_200_30_18_170.bmp
402,Dataset2/Char/8/JTTS211_200_31_12_170.bmp
403,Dataset2/Char/8/PPTS211_200_31_12_170.bmp
404,Dataset2/Char/8/KKTS211_200_31_14_170.bmp
405,Dataset2/Char/8/Bwts321_300_31_10_170.bmp
406,Dataset2/Char/8/FSTS213_200_31_22_170.bmp
407,Dataset2/Char/8/PPTB211_200_30_10_170.bmp
408,Dataset2/Char/8/Cdtb212_200_30_16_170.bmp
409,Dataset2/Char/8/Asts211_200_31_14_170.bmp
410,Dataset2/Char/8/IRTB213_200_30_20_170.bmp
411,Dataset2/Char/8/Dltb211_200_30_14_170.bmp
412,Dataset2/Char/8/KKTB212_200_30_18_170.bmp
413,Dataset2/Char/8/FSTS212_200_31_18_170.bmp
414,Dataset2/Char/8/JTTB212_200_30_18_170.bmp
415,Dataset2/Char/8/Dltb213_200_30_20_170.bmp
416,Dataset2/Char/8/Bwts211_200_31_12_170.bmp
417,Dataset2/Char/8/Ects212_200_31_18_170.bmp
418,Dataset2/Char/8/Bwts213_200_31_22_170.bmp
419,Dataset2/Char/8/Asts212_200_31_20_170.bmp
420,Dataset2/Char/8/IRTS212_200_31_18_170.bmp
421,Dataset2/Char/8/JTTB211_200_30_14_170.bmp
422,Dataset2/Char/8/KKTB212_200_30_22_170.bmp
423,Dataset2/Char/8/KKTS212_200_31_18_170.bmp
424,Dataset2/Char/8/Bwts331_300_31_14_170.bmp
425,Dataset2/Char/8/Ects212_200_31_16_170.bmp
426,Dataset2/Char/8/IRTS213_200_31_22_170.bmp
427,Dataset2/Char/8/Cdts213_200_31_22_170.bmp
428,Dataset2/Char/8/Bwtb213_200_30_22_170.bmp
429,Dataset2/Char/8/IRTB212_200_30_18_170.bmp
430,Dataset2/Char/8/Bwts333_300_31_20_170.bmp
431,Dataset2/Char/8/Bwts313_300_31_20_170.bmp
432,Dataset2/Char/8/Cdtb213_200_30_20_170.bmp
433,Dataset2/Char/8/JTTB212_200_30_22_170.bmp
434,Dataset2/Char/8/KTTS211_200_31_14_170.bmp
435,Dataset2/Char/8/JTTS211_200_31_16_170.bmp
436,Dataset2/Char/8/Bwtb212_200_30_18_170.bmp
437,Dataset2/Char/8/Bwts322_300_31_16_170.bmp
438,Dataset2/Char/8/JTTS211_200_31_10_170.bmp
439,Dataset2/Char/8/Dlts213_200_31_22_170.bmp
440,Dataset2/Char/8/KTTB212_200_30_18_170.bmp
441,Dataset2/Char/8/FSTB212_200_30_16_170.bmp
442,Dataset2/Char/8/Cdtb211_200_30_14_170.bmp
443,Dataset2/Char/8/PPTB213_200_30_22_170.bmp
444,Dataset2/Char/12/Asts322_300_31_18_176.bmp
445,Dataset2/Char/12/Asts311_300_31_14_176.bmp
446,Dataset2/Char/12/JTTS211_200_31_08_176.bmp
447,Dataset2/Char/12/Dlts213_200_31_22_176.bmp
448,Dataset2/Char/12/Astb312_300_30_20_176.bmp
449,Dataset2/Char/12/Bwts322_300_31_16_176.bmp
450,Dataset2/Char/12/Bwtb313_300_30_20_176.bmp
451,Dataset2/Char/12/Cdts212_200_31_16_176.bmp
452,Dataset2/Char/12/IRTS212_200_31_18_176.bmp
453,Dataset2/Char/12/Cdts213_200_31_22_176.bmp
454,Dataset2/Char/12/FSTS211_200_31_10_176.bmp
455,Dataset2/Char/12/Bwtb212_200_30_16_176.bmp
456,Dataset2/Char/12/Bwts313_300_31_22_176.bmp
457,Dataset2/Char/12/FSTB213_200_30_20_176.bmp
458,Dataset2/Char/12/KTTS213_200_31_20_176.bmp
459,Dataset2/Char/12/Ects211_200_31_14_176.bmp
460,Dataset2/Char/12/Ectb213_200_30_20_176.bmp
461,Dataset2/Char/12/KKTB212_200_30_20_176.bmp
462,Dataset2/Char/12/PPTS212_200_31_18_176.bmp
463,Dataset2/Char/12/Bwtb212_200_30_18_176.bmp
464,Dataset2/Char/12/FSTS212_200_31_16_176.bmp
465,Dataset2/Char/12/Bwtb322_300_30_18_176.bmp
466,Dataset2/Char/12/JTTS212_200_31_18_176.bmp
467,Dataset2/Char/12/Bwtb213_200_30_22_176.bmp
468,Dataset2/Char/12/Ects212_200_31_18_176.bmp
469,Dataset2/Char/12/PPTS213_200_31_20_176.bmp
470,Dataset2/Char/12/KKTS212_200_31_20_176.bmp
471,Dataset2/Char/12/FSTS212_200_31_18_176.bmp
472,Dataset2/Char/12/Cdts212_200_31_18_176.bmp
473,Dataset2/Char/12/Ectb211_200_30_14_176.bmp
474,Dataset2/Char/12/Cdtb321_300_30_14_176.bmp
475,Dataset2/Char/12/JTTB211_200_30_16_176.bmp
476,Dataset2/Char/12/Asts312_300_31_20_176.bmp
477,Dataset2/Char/12/Ects213_200_31_20_176.bmp
478,Dataset2/Char/12/Cdtb313_300_30_22_176.bmp
479,Dataset2/Char/12/Bwts213_200_31_20_176.bmp
480,Dataset2/Char/12/Ects213_200_31_22_176.bmp
481,Dataset2/Char/12/Bwtb313_300_30_22_176.bmp
482,Dataset2/Char/12/PPTS213_200_31_22_176.bmp
483,Dataset2/Char/12/Bwts321_300_31_12_176.bmp
484,Dataset2/Char/12/Asts312_300_31_18_176.bmp
485,Dataset2/Char/12/Asts212_200_31_20_176.bmp
486,Dataset2/Char/12/Astb212_200_30_18_176.bmp
487,Dataset2/Char/12/Bwts312_300_31_16_176.bmp
488,Dataset2/Char/12/Asts321_300_31_16_176.bmp
489,Dataset2/Char/12/Cdtb213_200_30_22_176.bmp
490,Dataset2/Char/12/FSTB212_200_30_18_176.bmp
491,Dataset2/Char/12/Cdts213_200_31_20_176.bmp
492,Dataset2/Char/12/Cdtb213_200_30_20_176.bmp
493,Dataset2/Char/12/Asts331_300_31_14_176.bmp
494,Dataset2/Char/12/Dlts213_200_31_20_176.bmp
495,Dataset2/Char/12/FSTB211_200_30_14_176.bmp
496,Dataset2/Char/12/IRTB212_200_30_18_176.bmp
497,Dataset2/Char/12/FSTB213_200_30_22_176.bmp
498,Dataset2/Char/12/Ectb212_200_30_16_176.bmp
499,Dataset2/Char/12/Bwts321_300_31_10_176.bmp
500,Dataset2/Char/12/Cdts211_200_31_14_176.bmp
501,Dataset2/Char/12/Bwts332_300_31_16_176.bmp
502,Dataset2/Char/12/Astb322_300_30_20_176.bmp
503,Dataset2/Char/12/Asts332_300_31_18_176.bmp
504,Dataset2/Char/12/IRTS213_200_31_20_176.bmp
505,Dataset2/Char/12/JTTB212_200_30_18_176.bmp
506,Dataset2/Char/12/Ectb212_200_30_18_176.bmp
507,Dataset2/Char/12/IRTB212_200_30_16_176.bmp
508,Dataset2/Char/12/Bwtb322_300_30_16_176.bmp
509,Dataset2/Char/12/Bwts213_200_31_22_176.bmp
510,Dataset2/Char/12/Bwtb312_300_30_16_176.bmp
511,Dataset2/Char/12/Bwts323_300_31_20_176.bmp
512,Dataset2/Char/12/Cdtb312_300_30_18_176.bmp
513,Dataset2/Char/12/KTTS212_200_31_18_176.bmp
514,Dataset2/Char/12/Ectb211_200_30_10_176.bmp
515,Dataset2/Char/12/Astb211_200_30_14_176.bmp
516,Dataset2/Char/12/KKTB212_200_30_22_176.bmp
517,Dataset2/Char/12/Bwts313_300_31_20_176.bmp
518,Dataset2/Char/12/IRTB213_200_30_22_176.bmp
519,Dataset2/Char/12/FSTS211_200_31_14_176.bmp
520,Dataset2/Char/12/Ectb211_200_30_12_176.bmp
521,Dataset2/Char/12/JTTS212_200_31_20_176.bmp
522,Dataset2/Char/12/FSTS211_200_31_12_176.bmp
523,Dataset2/Char/12/KKTB211_200_30_16_176.bmp
524,Dataset2/Char/12/Astb212_200_30_20_176.bmp
525,Dataset2/Char/12/Bwtb213_200_30_20_176.bmp
526,Dataset2/Char/12/Bwtb311_300_30_12_176.bmp
527,Dataset2/Char/12/Asts312_300_31_22_176.bmp
528,Dataset2/Char/12/Cdtb211_200_30_14_176.bmp
529,Dataset2/Char/12/JTTS212_200_31_22_176.bmp
530,Dataset2/Char/12/Astb322_300_30_22_176.bmp
531,Dataset2/Char/12/KKTS212_200_31_22_176.bmp
532,Dataset2/Char/12/Bwts211_200_31_12_176.bmp
533,Dataset2/Char/12/Dlts212_200_31_18_176.bmp
534,Dataset2/Char/12/FSTS213_200_31_20_176.bmp
535,Dataset2/Char/12/Cdtb322_300_30_16_176.bmp
536,Dataset2/Char/12/KKTB211_200_30_14_176.bmp
537,Dataset2/Char/12/Bwts312_300_31_18_176.bmp
538,Dataset2/Char/12/Asts331_300_31_16_176.bmp
539,Dataset2/Char/12/FSTB212_200_30_16_176.bmp
540,Dataset2/Char/12/Asts311_300_31_16_176.bmp
541,Dataset2/Char/12/KKTS212_200_31_18_176.bmp
542,Dataset2/Char/12/Cdtb323_300_30_20_176.bmp
543,Dataset2/Char/12/KTTB212_200_30_18_176.bmp
544,Dataset2/Char/12/Bwts212_200_31_16_176.bmp
545,Dataset2/Char/12/Asts211_200_31_14_176.bmp
546,Dataset2/Char/12/Bwtb321_300_30_14_176.bmp
547,Dataset2/Char/12/IRTS213_200_31_22_176.bmp
548,Dataset2/Char/12/Dlts212_200_31_16_176.bmp
549,Dataset2/Char/12/JTTS211_200_31_12_176.bmp
550,Dataset2/Char/12/Bwtb323_300_30_22_176.bmp
551,Dataset2/Char/12/Astb211_200_30_16_176.bmp
552,Dataset2/Char/12/Asts212_200_31_22_176.bmp
553,Dataset2/Char/12/Asts321_300_31_14_176.bmp
554,Dataset2/Char/12/Astb212_200_30_22_176.bmp
555,Dataset2/Char/12/Ectb213_200_30_22_176.bmp
556,Dataset2/Char/12/Cdtb212_200_30_16_176.bmp
557,Dataset2/Char/12/Bwts323_300_31_22_176.bmp
558,Dataset2/Char/12/Bwts211_200_31_10_176.bmp
559,Dataset2/Char/12/KTTB212_200_30_16_176.bmp
560,Dataset2/Char/12/Bwts331_300_31_14_176.bmp
561,Dataset2/Char/12/Bwts322_300_31_18_176.bmp
562,Dataset2/Char/12/Cdtb313_300_30_20_176.bmp
563,Dataset2/Char/12/Astb311_300_30_16_176.bmp
564,Dataset2/Char/12/FSTS213_200_31_22_176.bmp
565,Dataset2/Char/12/Bwtb321_300_30_12_176.bmp
566,Dataset2/Char/12/Asts332_300_31_20_176.bmp
567,Dataset2/Char/12/Asts332_300_31_22_176.bmp
568,Dataset2/Char/12/KTTS211_200_31_14_176.bmp
569,Dataset2/Char/12/Bwts332_300_31_18_176.bmp
570,Dataset2/Char/12/KTTS213_200_31_22_176.bmp
571,Dataset2/Char/12/IRTB213_200_30_20_176.bmp
572,Dataset2/Char/12/Astb311_300_30_14_176.bmp
573,Dataset2/Char/12/Bwtb312_300_30_18_176.bmp
574,Dataset2/Char/12/KTTB213_200_30_20_176.bmp
575,Dataset2/Char/12/Bwts333_300_31_20_176.bmp
576,Dataset2/Char/12/Astb312_300_30_22_176.bmp
577,Dataset2/Char/12/Asts322_300_31_20_176.bmp
578,Dataset2/Char/12/Asts211_200_31_12_176.bmp
579,Dataset2/Char/12/Asts322_300_31_22_176.bmp
580,Dataset2/Char/12/JTTS211_200_31_16_176.bmp
581,Dataset2/Char/12/Asts211_200_31_16_176.bmp
582,Dataset2/Char/12/KTTS212_200_31_16_176.bmp
583,Dataset2/Char/12/JTTS211_200_31_10_176.bmp
584,Dataset2/Char/12/Astb312_300_30_18_176.bmp
585,Dataset2/Char/12/Bwtb311_300_30_14_176.bmp
586,Dataset2/Char/12/JTTB212_200_30_22_176.bmp
587,Dataset2/Char/12/Bwts211_200_31_14_176.bmp
588,Dataset2/Char/12/KKTB212_200_30_18_176.bmp
589,Dataset2/Char/12/Astb321_300_30_16_176.bmp
590,Dataset2/Char/12/Bwts333_300_31_22_176.bmp
591,Dataset2/Char/12/Asts212_200_31_18_176.bmp
592,Dataset2/Char/12/Ects212_200_31_16_176.bmp
593,Dataset2/Char/12/JTTB212_200_30_20_176.bmp
594,Dataset2/Char/12/Bwts212_200_31_18_176.bmp
595,Dataset2/Char/12/Bwtb323_300_30_20_176.bmp
596,Dataset2/Char/12/Bwts321_300_31_14_176.bmp
597,Dataset2/Char/12/KTTB213_200_30_22_176.bmp
598,Dataset2/Char/12/JTTS211_200_31_14_176.bmp
599,Dataset2/Char/12/Cdtb212_200_30_18_176.bmp
600,Dataset2/Char/12/Astb322_300_30_18_176.bmp
601,Dataset2/Char/12/Cdtb322_300_30_18_176.bmp
602,Dataset2/Char/4/KTTS213_200_31_20_166.bmp
603,Dataset2/Char/4/Bwtb323_300_30_20_166.bmp
604,Dataset2/Char/4/Bwts212_200_31_18_166.bmp
605,Dataset2/Char/4/Dlts332_300_31_18_166.bmp
606,Dataset2/Char/4/Cdts313_300_31_20_166.bmp
607,Dataset2/Char/4/FSTB212_200_30_16_166.bmp
608,Dataset2/Char/4/Bwts212_200_31_16_166.bmp
609,Dataset2/Char/4/KKTB212_200_30_20_166.bmp
610,Dataset2/Char/4/Dltb213_200_30_20_166.bmp
611,Dataset2/Char/4/Cdts333_300_31_22_166.bmp
612,Dataset2/Char/4/Cdts332_300_31_16_166.bmp
613,Dataset2/Char/4/Dltb212_200_30_18_166.bmp
614,Dataset2/Char/4/Ectb211_200_30_14_166.bmp
615,Dataset2/Char/4/KKTB211_200_30_14_166.bmp
616,Dataset2/Char/4/Dltb213_200_30_22_166.bmp
617,Dataset2/Char/4/Bwts333_300_31_20_166.bmp
618,Dataset2/Char/4/Dlts213_200_31_20_166.bmp
619,Dataset2/Char/4/Ects211_200_31_14_166.bmp
620,Dataset2/Char/4/Cdtb313_300_30_22_166.bmp
621,Dataset2/Char/4/Bwtb212_200_30_16_166.bmp
622,Dataset2/Char/4/IRTS211_200_31_14_166.bmp
623,Dataset2/Char/4/Dlts333_300_31_20_166.bmp
624,Dataset2/Char/4/Cdts313_300_31_22_166.bmp
625,Dataset2/Char/4/JTTS212_200_31_18_166.bmp
626,Dataset2/Char/4/Cdts211_200_31_14_166.bmp
627,Dataset2/Char/4/Bwts333_300_31_22_166.bmp
628,Dataset2/Char/4/Cdts331_300_31_14_166.bmp
629,Dataset2/Char/4/Bwts211_200_31_10_166.bmp
630,Dataset2/Char/4/KTTS212_200_31_18_166.bmp
631,Dataset2/Char/4/Bwts211_200_31_12_166.bmp
632,Dataset2/Char/4/Dlts323_300_31_22_166.bmp
633,Dataset2/Char/4/FSTS212_200_31_16_166.bmp
634,Dataset2/Char/4/Ectb212_200_30_18_166.bmp
635,Dataset2/Char/4/FSTS213_200_31_20_166.bmp
636,Dataset2/Char/4/Bwts213_200_31_22_166.bmp
637,Dataset2/Char/4/Ects211_200_31_10_166.bmp
638,Dataset2/Char/4/JTTS211_200_31_16_166.bmp
639,Dataset2/Char/4/Bwtb322_300_30_18_166.bmp
640,Dataset2/Char/4/KTTS212_200_31_16_166.bmp
641,Dataset2/Char/4/Dlts323_300_31_20_166.bmp
642,Dataset2/Char/4/Cdts332_300_31_18_166.bmp
643,Dataset2/Char/4/Ectb212_200_30_16_166.bmp
644,Dataset2/Char/4/FSTS212_200_31_18_166.bmp
645,Dataset2/Char/4/Dlts313_300_31_20_166.bmp
646,Dataset2/Char/4/Cdtb213_200_30_22_166.bmp
647,Dataset2/Char/4/Asts212_200_31_18_166.bmp
648,Dataset2/Char/4/Bwts323_300_31_20_166.bmp
649,Dataset2/Char/4/Bwts322_300_31_18_166.bmp
650,Dataset2/Char/4/Dlts213_200_31_22_166.bmp
651,Dataset2/Char/4/Ects212_200_31_18_166.bmp
652,Dataset2/Char/4/Cdtb213_200_30_20_166.bmp
653,Dataset2/Char/4/Bwts321_300_31_10_166.bmp
654,Dataset2/Char/4/Asts212_200_31_22_166.bmp
655,Dataset2/Char/4/KKTS212_200_31_18_166.bmp
656,Dataset2/Char/4/Bwts213_200_31_20_166.bmp
657,Dataset2/Char/4/Bwtb313_300_30_22_166.bmp
658,Dataset2/Char/4/Bwts321_300_31_14_166.bmp
659,Dataset2/Char/4/KTTB213_200_30_22_166.bmp
660,Dataset2/Char/4/Ects213_200_31_22_166.bmp
661,Dataset2/Char/4/PPTS211_200_31_14_166.bmp
662,Dataset2/Char/4/Cdtb212_200_30_18_166.bmp
663,Dataset2/Char/4/Bwtb213_200_30_22_166.bmp
664,Dataset2/Char/4/JTTS212_200_31_22_166.bmp
665,Dataset2/Char/4/Dlts322_300_31_18_166.bmp
666,Dataset2/Char/4/Asts211_200_31_16_166.bmp
667,Dataset2/Char/4/Astb212_200_30_20_166.bmp
668,Dataset2/Char/4/JTTB212_200_30_22_166.bmp
669,Dataset2/Char/4/FSTB213_200_30_22_166.bmp
670,Dataset2/Char/4/Bwts211_200_31_14_166.bmp
671,Dataset2/Char/4/Cdtb322_300_30_18_166.bmp
672,Dataset2/Char/4/Ects212_200_31_16_166.bmp
673,Dataset2/Char/4/Bwtb323_300_30_22_166.bmp
674,Dataset2/Char/4/Bwts322_300_31_16_166.bmp
675,Dataset2/Char/4/KTTB212_200_30_16_166.bmp
676,Dataset2/Char/4/Dlts212_200_31_18_166.bmp
677,Dataset2/Char/4/Dlts212_200_31_16_166.bmp
678,Dataset2/Char/4/Cdtb322_300_30_16_166.bmp
679,Dataset2/Char/4/Bwts323_300_31_22_166.bmp
680,Dataset2/Char/4/Dlts321_300_31_12_166.bmp
681,Dataset2/Char/4/Astb212_200_30_18_166.bmp
682,Dataset2/Char/4/JTTB212_200_30_20_166.bmp
683,Dataset2/Char/4/Bwts312_300_31_16_166.bmp
684,Dataset2/Char/4/Cdts213_200_31_20_166.bmp
685,Dataset2/Char/4/KKTB212_200_30_22_166.bmp
686,Dataset2/Char/4/FSTB213_200_30_20_166.bmp
687,Dataset2/Char/4/Cdts213_200_31_22_166.bmp
688,Dataset2/Char/4/Bwts332_300_31_16_166.bmp
689,Dataset2/Char/4/Cdts212_200_31_16_166.bmp
690,Dataset2/Char/4/Cdts323_300_31_22_166.bmp
691,Dataset2/Char/4/Cdts321_300_31_14_166.bmp
692,Dataset2/Char/4/KKTS211_200_31_14_166.bmp
693,Dataset2/Char/4/FSTS211_200_31_14_166.bmp
694,Dataset2/Char/4/KKTS212_200_31_22_166.bmp
695,Dataset2/Char/4/Asts212_200_31_20_166.bmp
696,Dataset2/Char/4/Dlts321_300_31_14_166.bmp
697,Dataset2/Char/4/Bwtb321_300_30_14_166.bmp
698,Dataset2/Char/4/KKTB212_200_30_18_166.bmp
699,Dataset2/Char/4/Dlts211_200_31_14_166.bmp
700,Dataset2/Char/4/Bwtb312_300_30_16_166.bmp
701,Dataset2/Char/4/KKTS212_200_31_20_166.bmp
702,Dataset2/Char/4/Dlts333_300_31_22_166.bmp
703,Dataset2/Char/4/Bwtb311_300_30_14_166.bmp
704,Dataset2/Char/4/IRTS212_200_31_16_166.bmp
705,Dataset2/Char/4/Cdtb323_300_30_22_166.bmp
706,Dataset2/Char/4/Bwts332_300_31_18_166.bmp
707,Dataset2/Char/4/Bwtb312_300_30_18_166.bmp
708,Dataset2/Char/4/Ectb213_200_30_22_166.bmp
709,Dataset2/Char/4/Dlts332_300_31_16_166.bmp
710,Dataset2/Char/4/Cdts323_300_31_20_166.bmp
711,Dataset2/Char/4/Bwtb213_200_30_20_166.bmp
712,Dataset2/Char/4/KTTS213_200_31_22_166.bmp
713,Dataset2/Char/4/Bwts313_300_31_20_166.bmp
714,Dataset2/Char/4/Bwtb212_200_30_18_166.bmp
715,Dataset2/Char/4/IRTS212_200_31_18_166.bmp
716,Dataset2/Char/4/Bwts331_300_31_14_166.bmp
717,Dataset2/Char/4/Cdtb313_300_30_20_166.bmp
718,Dataset2/Char/4/PPTS213_200_31_22_166.bmp
719,Dataset2/Char/4/PPTS212_200_31_18_166.bmp
720,Dataset2/Char/4/Cdts322_300_31_16_166.bmp
721,Dataset2/Char/4/Bwts321_300_31_12_166.bmp
722,Dataset2/Char/4/Cdts312_300_31_18_166.bmp
723,Dataset2/Char/4/PPTS212_200_31_16_166.bmp
724,Dataset2/Char/4/Cdts312_300_31_16_166.bmp
725,Dataset2/Char/4/Bwts312_300_31_18_166.bmp
726,Dataset2/Char/4/KTTB212_200_30_18_166.bmp
727,Dataset2/Char/4/FSTB212_200_30_18_166.bmp
728,Dataset2/Char/4/JTTS212_200_31_20_166.bmp
729,Dataset2/Char/4/Dlts322_300_31_16_166.bmp
730,Dataset2/Char/4/Asts211_200_31_14_166.bmp
731,Dataset2/Char/4/Bwtb313_300_30_20_166.bmp
732,Dataset2/Char/4/Bwts313_300_31_22_166.bmp
733,Dataset2/Char/4/Ectb213_200_30_20_166.bmp
734,Dataset2/Char/4/Dlts312_300_31_16_166.bmp
735,Dataset2/Char/4/PPTB213_200_30_22_166.bmp
736,Dataset2/Char/4/Ects213_200_31_20_166.bmp
737,Dataset2/Char/4/Cdts322_300_31_18_166.bmp
738,Dataset2/Char/4/PPTS213_200_31_20_166.bmp
739,Dataset2/Char/4/Cdts212_200_31_18_166.bmp
740,Dataset2/Char/4/Cdtb323_300_30_20_166.bmp
741,Dataset2/Char/4/Astb212_200_30_22_166.bmp
742,Dataset2/Char/4/Bwtb322_300_30_16_166.bmp
743,Dataset2/Char/4/IRTS211_200_31_12_166.bmp
744,Dataset2/Char/4/KKTS211_200_31_16_166.bmp
745,Dataset2/Char/4/FSTB211_200_30_14_166.bmp
746,Dataset2/Char/4/Dlts312_300_31_18_166.bmp
747,Dataset2/Char/4/Cdtb312_300_30_18_166.bmp
748,Dataset2/Char/4/Cdts321_300_31_12_166.bmp
749,Dataset2/Char/4/KKTB211_200_30_16_166.bmp
750,Dataset2/Char/4/Cdts333_300_31_20_166.bmp
751,Dataset2/Char/4/KTTB213_200_30_20_166.bmp
752,Dataset2/Char/13/Dltb213_200_30_20_178.bmp
753,Dataset2/Char/13/Ects212_200_31_16_178.bmp
754,Dataset2/Char/13/KTTS212_200_31_16_178.bmp
755,Dataset2/Char/13/Ects212_200_31_18_178.bmp
756,Dataset2/Char/13/KKTS212_200_31_20_178.bmp
757,Dataset2/Char/13/JTTB211_200_30_12_178.bmp
758,Dataset2/Char/13/FSTS212_200_31_16_178.bmp
759,Dataset2/Char/13/JTTB212_200_30_20_178.bmp
760,Dataset2/Char/13/Ects213_200_31_22_178.bmp
761,Dataset2/Char/13/IRTS213_200_31_20_178.bmp
762,Dataset2/Char/13/Dltb212_200_30_18_178.bmp
763,Dataset2/Char/13/JMTB212_200_30_18_178.bmp
764,Dataset2/Char/13/PPTS212_200_31_18_178.bmp
765,Dataset2/Char/13/FSTS212_200_31_18_178.bmp
766,Dataset2/Char/13/KTTS213_200_31_22_178.bmp
767,Dataset2/Char/13/JMTS211_200_31_10_178.bmp
768,Dataset2/Char/13/FSTS211_200_31_14_178.bmp
769,Dataset2/Char/13/Dlts213_200_31_20_178.bmp
770,Dataset2/Char/13/Bwts211_200_31_12_178.bmp
771,Dataset2/Char/13/JTTB212_200_30_22_178.bmp
772,Dataset2/Char/13/KKTB212_200_30_20_178.bmp
773,Dataset2/Char/13/PPTS211_200_31_14_178.bmp
774,Dataset2/Char/13/KTTB213_200_30_22_178.bmp
775,Dataset2/Char/13/Astb211_200_30_14_178.bmp
776,Dataset2/Char/13/JTTS211_200_31_10_178.bmp
777,Dataset2/Char/13/Cdts212_200_31_16_178.bmp
778,Dataset2/Char/13/JMTS212_200_31_16_178.bmp
779,Dataset2/Char/13/JTTS212_200_31_22_178.bmp
780,Dataset2/Char/13/KTTB213_200_30_20_178.bmp
781,Dataset2/Char/13/IRTS213_200_31_22_178.bmp
782,Dataset2/Char/13/Bwts213_200_31_20_178.bmp
783,Dataset2/Char/13/Asts211_200_31_16_178.bmp
784,Dataset2/Char/13/PPTB211_200_30_14_178.bmp
785,Dataset2/Char/13/FSTS213_200_31_22_178.bmp
786,Dataset2/Char/13/KTTS211_200_31_14_178.bmp
787,Dataset2/Char/13/JMTS211_200_31_14_178.bmp
788,Dataset2/Char/13/IRTB213_200_30_20_178.bmp
789,Dataset2/Char/13/JTTS211_200_31_08_178.bmp
790,Dataset2/Char/13/Ectb213_200_30_20_178.bmp
791,Dataset2/Char/13/KTTS213_200_31_20_178.bmp
792,Dataset2/Char/13/Cdts211_200_31_14_178.bmp
793,Dataset2/Char/13/IRTB211_200_30_14_178.bmp
794,Dataset2/Char/13/Ects213_200_31_20_178.bmp
795,Dataset2/Char/13/JMTB213_200_30_22_178.bmp
796,Dataset2/Char/13/Bwtb213_200_30_22_178.bmp
797,Dataset2/Char/13/Asts212_200_31_22_178.bmp
798,Dataset2/Char/13/Ectb211_200_30_12_178.bmp
799,Dataset2/Char/13/IRTB213_200_30_22_178.bmp
800,Dataset2/Char/13/PPTB213_200_30_20_178.bmp
801,Dataset2/Char/13/Cdts211_200_31_08_178.bmp
802,Dataset2/Char/13/Cdtb212_200_30_18_178.bmp
803,Dataset2/Char/13/KKTS211_200_31_14_178.bmp
804,Dataset2/Char/13/Ectb212_200_30_16_178.bmp
805,Dataset2/Char/13/Dltb211_200_30_12_178.bmp
806,Dataset2/Char/13/Asts212_200_31_18_178.bmp
807,Dataset2/Char/13/IRTS211_200_31_12_178.bmp
808,Dataset2/Char/13/PPTS212_200_31_16_178.bmp
809,Dataset2/Char/13/IRTS212_200_31_16_178.bmp
810,Dataset2/Char/13/PPTB213_200_30_22_178.bmp
811,Dataset2/Char/13/FSTB213_200_30_22_178.bmp
812,Dataset2/Char/13/Cdts212_200_31_18_178.bmp
813,Dataset2/Char/13/JMTB213_200_30_20_178.bmp
814,Dataset2/Char/13/Bwts213_200_31_22_178.bmp
815,Dataset2/Char/13/JTTS211_200_31_12_178.bmp
816,Dataset2/Char/13/Dlts213_200_31_22_178.bmp
817,Dataset2/Char/13/FSTB212_200_30_18_178.bmp
818,Dataset2/Char/13/PPTS211_200_31_12_178.bmp
819,Dataset2/Char/13/JTTS212_200_31_20_178.bmp
820,Dataset2/Char/13/KTTB211_200_30_14_178.bmp
821,Dataset2/Char/13/Dlts212_200_31_18_178.bmp
822,Dataset2/Char/13/Cdts211_200_31_12_178.bmp
823,Dataset2/Char/13/FSTB211_200_30_08_178.bmp
824,Dataset2/Char/13/IRTS211_200_31_10_178.bmp
825,Dataset2/Char/13/Asts211_200_31_12_178.bmp
826,Dataset2/Char/13/PPTS213_200_31_22_178.bmp
827,Dataset2/Char/13/Bwtb213_200_30_20_178.bmp
828,Dataset2/Char/13/JMTS213_200_31_22_178.bmp
829,Dataset2/Char/13/Asts211_200_31_14_178.bmp
830,Dataset2/Char/13/FSTB211_200_30_14_178.bmp
831,Dataset2/Char/13/KKTB212_200_30_22_178.bmp
832,Dataset2/Char/13/Astb212_200_30_20_178.bmp
833,Dataset2/Char/13/Cdts211_200_31_10_178.bmp
834,Dataset2/Char/13/Cdtb213_200_30_20_178.bmp
835,Dataset2/Char/13/JMTS211_200_31_12_178.bmp
836,Dataset2/Char/13/PPTB212_200_30_18_178.bmp
837,Dataset2/Char/13/Astb212_200_30_18_178.bmp
838,Dataset2/Char/13/KTTB211_200_30_12_178.bmp
839,Dataset2/Char/13/Dlts212_200_31_16_178.bmp
840,Dataset2/Char/13/Bwts212_200_31_16_178.bmp
841,Dataset2/Char/13/Astb212_200_30_22_178.bmp
842,Dataset2/Char/13/IRTS212_200_31_18_178.bmp
843,Dataset2/Char/13/KTTB212_200_30_18_178.bmp
844,Dataset2/Char/13/Bwts211_200_31_14_178.bmp
845,Dataset2/Char/13/Astb211_200_30_16_178.bmp
846,Dataset2/Char/13/FSTB211_200_30_10_178.bmp
847,Dataset2/Char/13/JTTS211_200_31_14_178.bmp
848,Dataset2/Char/13/Asts212_200_31_20_178.bmp
849,Dataset2/Char/13/Bwtb212_200_30_16_178.bmp
850,Dataset2/Char/13/KTTS211_200_31_12_178.bmp
851,Dataset2/Char/13/JTTS212_200_31_18_178.bmp
852,Dataset2/Char/13/FSTB212_200_30_16_178.bmp
853,Dataset2/Char/13/PPTB212_200_30_16_178.bmp
854,Dataset2/Char/13/KKTB212_200_30_18_178.bmp
855,Dataset2/Char/13/PPTS213_200_31_20_178.bmp
856,Dataset2/Char/13/JMTS213_200_31_20_178.bmp
857,Dataset2/Char/13/Bwts211_200_31_10_178.bmp
858,Dataset2/Char/13/KTTB211_200_30_10_178.bmp
859,Dataset2/Char/13/KKTB211_200_30_14_178.bmp
860,Dataset2/Char/13/FSTB213_200_30_20_178.bmp
861,Dataset2/Char/13/IRTB212_200_30_16_178.bmp
862,Dataset2/Char/13/Dltb211_200_30_14_178.bmp
863,Dataset2/Char/13/FSTS211_200_31_12_178.bmp
864,Dataset2/Char/13/KKTB211_200_30_16_178.bmp
865,Dataset2/Char/13/Ectb212_200_30_18_178.bmp
866,Dataset2/Char/13/JMTB212_200_30_16_178.bmp
867,Dataset2/Char/13/Cdts213_200_31_20_178.bmp
868,Dataset2/Char/13/IRTS211_200_31_14_178.bmp
869,Dataset2/Char/13/Ectb211_200_30_14_178.bmp
870,Dataset2/Char/13/KTTS212_200_31_18_178.bmp
871,Dataset2/Char/13/Bwtb212_200_30_18_178.bmp
872,Dataset2/Char/13/Dltb212_200_30_16_178.bmp
873,Dataset2/Char/13/KKTS211_200_31_16_178.bmp
874,Dataset2/Char/13/KKTB211_200_30_12_178.bmp
875,Dataset2/Char/13/KKTS212_200_31_18_178.bmp
876,Dataset2/Char/13/Dltb213_200_30_22_178.bmp
877,Dataset2/Char/13/Cdts213_200_31_22_178.bmp
878,Dataset2/Char/13/Cdtb212_200_30_16_178.bmp
879,Dataset2/Char/13/KKTS212_200_31_22_178.bmp
880,Dataset2/Char/13/JTTB211_200_30_16_178.bmp
881,Dataset2/Char/13/Cdtb211_200_30_14_178.bmp
882,Dataset2/Char/13/Ectb213_200_30_22_178.bmp
883,Dataset2/Char/13/JMTB211_200_30_14_178.bmp
884,Dataset2/Char/13/Astb211_200_30_12_178.bmp
885,Dataset2/Char/13/JTTB211_200_30_14_178.bmp
886,Dataset2/Char/13/Ects211_200_31_14_178.bmp
887,Dataset2/Char/13/Bwts212_200_31_18_178.bmp
888,Dataset2/Char/13/Cdtb213_200_30_22_178.bmp
889,Dataset2/Char/13/FSTS213_200_31_20_178.bmp
890,Dataset2/Char/13/JMTS211_200_31_08_178.bmp
891,Dataset2/Char/13/JTTS211_200_31_16_178.bmp
892,Dataset2/Char/13/JMTS212_200_31_18_178.bmp
893,Dataset2/Char/13/FSTB211_200_30_12_178.bmp
894,Dataset2/Char/13/IRTB212_200_30_18_178.bmp
895,Dataset2/Char/13/JTTB212_200_30_18_178.bmp
896,Dataset2/Char/13/KTTB212_200_30_16_178.bmp
897,Dataset2/Char/13/KKTB211_200_30_10_178.bmp
898,Dataset2/Char/2/Cdts333_300_31_20_162.bmp
899,Dataset2/Char/2/FSTS213_200_31_20_162.bmp
900,Dataset2/Char/2/Ects213_200_31_20_162.bmp
901,Dataset2/Char/2/PPTB212_200_30_16_162.bmp
902,Dataset2/Char/2/Bwts332_300_31_16_162.bmp
903,Dataset2/Char/2/Cdts322_300_31_16_162.bmp
904,Dataset2/Char/2/Dlts212_200_31_18_162.bmp
905,Dataset2/Char/2/Cdts313_300_31_22_162.bmp
906,Dataset2/Char/2/Ects212_200_31_18_162.bmp
907,Dataset2/Char/2/Cdtb313_300_30_20_162.bmp
908,Dataset2/Char/2/Bwts322_300_31_18_162.bmp
909,Dataset2/Char/2/Ectb212_200_30_16_162.bmp
910,Dataset2/Char/2/PPTB212_200_30_18_162.bmp
911,Dataset2/Char/2/Astb212_200_30_20_162.bmp
912,Dataset2/Char/2/JTTB211_200_30_14_162.bmp
913,Dataset2/Char/2/Astb312_300_30_22_162.bmp
914,Dataset2/Char/2/Cdts331_300_31_14_162.bmp
915,Dataset2/Char/2/Dltb212_200_30_18_162.bmp
916,Dataset2/Char/2/Cdtb213_200_30_22_162.bmp
917,Dataset2/Char/2/FSTS213_200_31_22_162.bmp
918,Dataset2/Char/2/Cdts323_300_31_22_162.bmp
919,Dataset2/Char/2/KKTS212_200_31_20_162.bmp
920,Dataset2/Char/2/Bwtb323_300_30_20_162.bmp
921,Dataset2/Char/2/Bwtb323_300_30_22_162.bmp
922,Dataset2/Char/2/Cdtb322_300_30_16_162.bmp
923,Dataset2/Char/2/Bwtb313_300_30_20_162.bmp
924,Dataset2/Char/2/Ectb211_200_30_12_162.bmp
925,Dataset2/Char/2/Bwts322_300_31_16_162.bmp
926,Dataset2/Char/2/KKTS212_200_31_18_162.bmp
927,Dataset2/Char/2/Astb311_300_30_16_162.bmp
928,Dataset2/Char/2/Bwts213_200_31_22_162.bmp
929,Dataset2/Char/2/JTTB212_200_30_18_162.bmp
930,Dataset2/Char/2/Bwts211_200_31_14_162.bmp
931,Dataset2/Char/2/Bwtb313_300_30_22_162.bmp
932,Dataset2/Char/2/Bwts332_300_31_18_162.bmp
933,Dataset2/Char/2/Dlts213_200_31_22_162.bmp
934,Dataset2/Char/2/Ectb213_200_30_20_162.bmp
935,Dataset2/Char/2/Astb312_300_30_20_162.bmp
936,Dataset2/Char/2/Dlts213_200_31_20_162.bmp
937,Dataset2/Char/2/FSTB212_200_30_16_162.bmp
938,Dataset2/Char/2/Bwtb213_200_30_20_162.bmp
939,Dataset2/Char/2/Cdtb311_300_30_14_162.bmp
940,Dataset2/Char/2/KKTS211_200_31_16_162.bmp
941,Dataset2/Char/2/Astb212_200_30_22_162.bmp
942,Dataset2/Char/2/Bwts313_300_31_20_162.bmp
943,Dataset2/Char/2/FSTS212_200_31_18_162.bmp
944,Dataset2/Char/2/KTTS212_200_31_18_162.bmp
945,Dataset2/Char/2/Astb311_300_30_14_162.bmp
946,Dataset2/Char/2/Bwtb312_300_30_18_162.bmp
947,Dataset2/Char/2/Cdts332_300_31_18_162.bmp
948,Dataset2/Char/2/Asts212_200_31_20_162.bmp
949,Dataset2/Char/2/Bwts212_200_31_18_162.bmp
950,Dataset2/Char/2/Ects211_200_31_14_162.bmp
951,Dataset2/Char/2/KKTB212_200_30_22_162.bmp
952,Dataset2/Char/2/Cdts213_200_31_20_162.bmp
953,Dataset2/Char/2/Dlts211_200_31_12_162.bmp
954,Dataset2/Char/2/Ectb211_200_30_14_162.bmp
955,Dataset2/Char/2/Cdts321_300_31_14_162.bmp
956,Dataset2/Char/2/Cdts211_200_31_10_162.bmp
957,Dataset2/Char/2/KTTB212_200_30_18_162.bmp
958,Dataset2/Char/2/Asts211_200_31_14_162.bmp
959,Dataset2/Char/2/Astb211_200_30_16_162.bmp
960,Dataset2/Char/2/Cdts312_300_31_18_162.bmp
961,Dataset2/Char/2/PPTS211_200_31_12_162.bmp
962,Dataset2/Char/2/KTTS213_200_31_22_162.bmp
963,Dataset2/Char/2/JTTB212_200_30_20_162.bmp
964,Dataset2/Char/2/Cdts213_200_31_22_162.bmp
965,Dataset2/Char/2/Dltb211_200_30_14_162.bmp
966,Dataset2/Char/2/Bwts211_200_31_12_162.bmp
967,Dataset2/Char/2/Cdts211_200_31_12_162.bmp
968,Dataset2/Char/2/Bwts321_300_31_12_162.bmp
969,Dataset2/Char/2/Cdts312_300_31_16_162.bmp
970,Dataset2/Char/2/Bwts312_300_31_16_162.bmp
971,Dataset2/Char/2/Cdtb212_200_30_18_162.bmp
972,Dataset2/Char/2/FSTB211_200_30_14_162.bmp
973,Dataset2/Char/2/KTTB213_200_30_20_162.bmp
974,Dataset2/Char/2/Ects212_200_31_16_162.bmp
975,Dataset2/Char/2/Bwts212_200_31_16_162.bmp
976,Dataset2/Char/2/KKTS211_200_31_14_162.bmp
977,Dataset2/Char/2/Cdtb321_300_30_14_162.bmp
978,Dataset2/Char/2/JTTS211_200_31_16_162.bmp
979,Dataset2/Char/2/Cdts333_300_31_22_162.bmp
980,Dataset2/Char/2/KKTB212_200_30_20_162.bmp
981,Dataset2/Char/2/FSTB213_200_30_20_162.bmp
982,Dataset2/Char/2/KTTB213_200_30_22_162.bmp
983,Dataset2/Char/2/Cdtb313_300_30_22_162.bmp
984,Dataset2/Char/2/Asts322_300_31_18_162.bmp
985,Dataset2/Char/2/JTTS212_200_31_18_162.bmp
986,Dataset2/Char/2/Bwtb311_300_30_14_162.bmp
987,Dataset2/Char/2/Ects213_200_31_22_162.bmp
988,Dataset2/Char/2/Asts211_200_31_12_162.bmp
989,Dataset2/Char/2/Asts211_200_31_16_162.bmp
990,Dataset2/Char/2/Astb321_300_30_16_162.bmp
991,Dataset2/Char/2/Dlts212_200_31_16_162.bmp
992,Dataset2/Char/2/PPTS211_200_31_14_162.bmp
993,Dataset2/Char/2/Cdts212_200_31_18_162.bmp
994,Dataset2/Char/2/JTTB211_200_30_16_162.bmp
995,Dataset2/Char/2/Bwtb322_300_30_18_162.bmp
996,Dataset2/Char/2/KTTS213_200_31_20_162.bmp
997,Dataset2/Char/2/Astb312_300_30_18_162.bmp
998,Dataset2/Char/2/Astb322_300_30_20_162.bmp
999,Dataset2/Char/2/Cdtb321_300_30_12_162.bmp
1000,Dataset2/Char/2/Astb212_200_30_18_162.bmp
1001,Dataset2/Char/2/Cdts322_300_31_18_162.bmp
1002,Dataset2/Char/2/Bwts333_300_31_20_162.bmp
1003,Dataset2/Char/2/Cdtb323_300_30_20_162.bmp
1004,Dataset2/Char/2/FSTS212_200_31_16_162.bmp
1005,Dataset2/Char/2/Asts321_300_31_16_162.bmp
1006,Dataset2/Char/2/PPTB213_200_30_22_162.bmp
1007,Dataset2/Char/2/Asts321_300_31_14_162.bmp
1008,Dataset2/Char/2/Dltb212_200_30_16_162.bmp
1009,Dataset2/Char/2/Astb322_300_30_18_162.bmp
1010,Dataset2/Char/2/Asts212_200_31_18_162.bmp
1011,Dataset2/Char/2/Bwts213_200_31_20_162.bmp
1012,Dataset2/Char/2/Cdts313_300_31_20_162.bmp
1013,Dataset2/Char/2/Cdtb312_300_30_18_162.bmp
1014,Dataset2/Char/2/Bwts331_300_31_14_162.bmp
1015,Dataset2/Char/2/PPTS212_200_31_18_162.bmp
1016,Dataset2/Char/2/Cdts332_300_31_16_162.bmp
1017,Dataset2/Char/2/Astb211_200_30_14_162.bmp
1018,Dataset2/Char/2/KTTB212_200_30_16_162.bmp
1019,Dataset2/Char/2/Bwts323_300_31_22_162.bmp
1020,Dataset2/Char/2/Astb322_300_30_22_162.bmp
1021,Dataset2/Char/2/Cdtb212_200_30_16_162.bmp
1022,Dataset2/Char/2/KKTS212_200_31_22_162.bmp
1023,Dataset2/Char/2/PPTB213_200_30_20_162.bmp
1024,Dataset2/Char/2/PPTS213_200_31_22_162.bmp
1025,Dataset2/Char/2/Ectb213_200_30_22_162.bmp
1026,Dataset2/Char/2/PPTS213_200_31_20_162.bmp
1027,Dataset2/Char/2/FSTB211_200_30_12_162.bmp
1028,Dataset2/Char/2/Bwtb212_200_30_18_162.bmp
1029,Dataset2/Char/2/FSTB213_200_30_22_162.bmp
1030,Dataset2/Char/2/PPTB211_200_30_10_162.bmp
1031,Dataset2/Char/2/Bwts312_300_31_18_162.bmp
1032,Dataset2/Char/2/KTTS212_200_31_16_162.bmp
1033,Dataset2/Char/2/FSTB212_200_30_18_162.bmp
1034,Dataset2/Char/2/Cdtb312_300_30_16_162.bmp
1035,Dataset2/Char/2/KTTB211_200_30_14_162.bmp
1036,Dataset2/Char/2/PPTS212_200_31_16_162.bmp
1037,Dataset2/Char/2/Bwts333_300_31_22_162.bmp
1038,Dataset2/Char/2/Bwtb213_200_30_22_162.bmp
1039,Dataset2/Char/2/Ectb212_200_30_18_162.bmp
1040,Dataset2/Char/2/Bwts313_300_31_22_162.bmp
1041,Dataset2/Char/2/Bwtb212_200_30_16_162.bmp
1042,Dataset2/Char/2/JTTS212_200_31_20_162.bmp
1043,Dataset2/Char/2/JTTS212_200_31_22_162.bmp
1044,Dataset2/Char/2/Cdts323_300_31_20_162.bmp
1045,Dataset2/Char/2/Cdts211_200_31_14_162.bmp
1046,Dataset2/Char/2/Cdtb213_200_30_20_162.bmp
1047,Dataset2/Char/2/Cdtb322_300_30_18_162.bmp
1048,Dataset2/Char/2/JTTB212_200_30_22_162.bmp
1049,Dataset2/Char/2/Bwts321_300_31_14_162.bmp
1050,Dataset2/Char/6/Bwts212_200_31_18_168.bmp
1051,Dataset2/Char/6/KKTS211_200_31_14_168.bmp
1052,Dataset2/Char/6/KKTB211_200_30_12_168.bmp
1053,Dataset2/Char/6/Astb211_200_30_08_168.bmp
1054,Dataset2/Char/6/Dlts211_200_31_12_168.bmp
1055,Dataset2/Char/6/Ects212_200_31_18_168.bmp
1056,Dataset2/Char/6/Dltb213_200_30_22_168.bmp
1057,Dataset2/Char/6/Ects213_200_31_22_168.bmp
1058,Dataset2/Char/6/Dlts211_200_31_10_168.bmp
1059,Dataset2/Char/6/FSTB211_200_30_10_168.bmp
1060,Dataset2/Char/6/KKTS212_200_31_22_168.bmp
1061,Dataset2/Char/6/FSTB212_200_30_18_168.bmp
1062,Dataset2/Char/6/JTTB211_200_30_10_168.bmp
1063,Dataset2/Char/6/KKTS211_200_31_16_168.bmp
1064,Dataset2/Char/6/Dltb212_200_30_16_168.bmp
1065,Dataset2/Char/6/Astb212_200_30_20_168.bmp
1066,Dataset2/Char/6/Dlts211_200_31_08_168.bmp
1067,Dataset2/Char/6/IRTB211_200_30_14_168.bmp
1068,Dataset2/Char/6/KTTS211_200_31_14_168.bmp
1069,Dataset2/Char/6/Ects211_200_31_14_168.bmp
1070,Dataset2/Char/6/Astb211_200_30_14_168.bmp
1071,Dataset2/Char/6/Cdts212_200_31_16_168.bmp
1072,Dataset2/Char/6/Cdts212_200_31_18_168.bmp
1073,Dataset2/Char/6/Dlts212_200_31_18_168.bmp
1074,Dataset2/Char/6/Dltb213_200_30_20_168.bmp
1075,Dataset2/Char/6/PPTS211_200_31_10_168.bmp
1076,Dataset2/Char/6/Asts211_200_31_12_168.bmp
1077,Dataset2/Char/6/KKTB211_200_30_10_168.bmp
1078,Dataset2/Char/6/JTTB212_200_30_18_168.bmp
1079,Dataset2/Char/6/Asts212_200_31_22_168.bmp
1080,Dataset2/Char/6/PPTS213_200_31_22_168.bmp
1081,Dataset2/Char/6/JTTS212_200_31_18_168.bmp
1082,Dataset2/Char/6/FSTB212_200_30_16_168.bmp
1083,Dataset2/Char/6/Ectb213_200_30_22_168.bmp
1084,Dataset2/Char/6/KTTB212_200_30_18_168.bmp
1085,Dataset2/Char/6/KTTB211_200_30_14_168.bmp
1086,Dataset2/Char/6/FSTS211_200_31_12_168.bmp
1087,Dataset2/Char/6/FSTB213_200_30_22_168.bmp
1088,Dataset2/Char/6/IRTB213_200_30_22_168.bmp
1089,Dataset2/Char/6/Ectb212_200_30_16_168.bmp
1090,Dataset2/Char/6/JTTS211_200_31_08_168.bmp
1091,Dataset2/Char/6/Ectb211_200_30_12_168.bmp
1092,Dataset2/Char/6/Cdts211_200_31_14_168.bmp
1093,Dataset2/Char/6/IRTB211_200_30_08_168.bmp
1094,Dataset2/Char/6/KTTS212_200_31_16_168.bmp
1095,Dataset2/Char/6/Bwtb212_200_30_18_168.bmp
1096,Dataset2/Char/6/Dltb211_200_30_10_168.bmp
1097,Dataset2/Char/6/PPTS212_200_31_18_168.bmp
1098,Dataset2/Char/6/Cdts213_200_31_22_168.bmp
1099,Dataset2/Char/6/FSTB213_200_30_20_168.bmp
1100,Dataset2/Char/6/Bwtb211_200_30_12_168.bmp
1101,Dataset2/Char/6/KKTB211_200_30_08_168.bmp
1102,Dataset2/Char/6/Bwtb213_200_30_22_168.bmp
1103,Dataset2/Char/6/PPTS212_200_31_16_168.bmp
1104,Dataset2/Char/6/PPTS211_200_31_14_168.bmp
1105,Dataset2/Char/6/Bwts211_200_31_08_168.bmp
1106,Dataset2/Char/6/IRTB211_200_30_10_168.bmp
1107,Dataset2/Char/6/Bwts211_200_31_12_168.bmp
1108,Dataset2/Char/6/KKTS211_200_31_10_168.bmp
1109,Dataset2/Char/6/KKTS211_200_31_08_168.bmp
1110,Dataset2/Char/6/JTTS211_200_31_16_168.bmp
1111,Dataset2/Char/6/Ects213_200_31_20_168.bmp
1112,Dataset2/Char/6/JTTB211_200_30_16_168.bmp
1113,Dataset2/Char/6/FSTB211_200_30_08_168.bmp
1114,Dataset2/Char/6/IRTB211_200_30_12_168.bmp
1115,Dataset2/Char/6/KTTS211_200_31_12_168.bmp
1116,Dataset2/Char/6/IRTB212_200_30_16_168.bmp
1117,Dataset2/Char/6/IRTB212_200_30_18_168.bmp
1118,Dataset2/Char/6/Bwtb211_200_30_08_168.bmp
1119,Dataset2/Char/6/Astb211_200_30_10_168.bmp
1120,Dataset2/Char/6/KTTS211_200_31_10_168.bmp
1121,Dataset2/Char/6/Astb212_200_30_22_168.bmp
1122,Dataset2/Char/6/KKTS212_200_31_18_168.bmp
1123,Dataset2/Char/6/Cdtb211_200_30_08_168.bmp
1124,Dataset2/Char/6/Asts211_200_31_08_168.bmp
1125,Dataset2/Char/6/Bwtb211_200_30_10_168.bmp
1126,Dataset2/Char/6/IRTS211_200_31_10_168.bmp
1127,Dataset2/Char/6/Dltb212_200_30_18_168.bmp
1128,Dataset2/Char/6/KKTB211_200_30_16_168.bmp
1129,Dataset2/Char/6/KTTB213_200_30_22_168.bmp
1130,Dataset2/Char/6/FSTB211_200_30_12_168.bmp
1131,Dataset2/Char/6/KKTB212_200_30_18_168.bmp
1132,Dataset2/Char/6/Cdts211_200_31_10_168.bmp
1133,Dataset2/Char/6/Asts211_200_31_14_168.bmp
1134,Dataset2/Char/6/Cdtb211_200_30_10_168.bmp
1135,Dataset2/Char/6/Bwts212_200_31_16_168.bmp
1136,Dataset2/Char/6/FSTS211_200_31_14_168.bmp
1137,Dataset2/Char/6/Asts212_200_31_18_168.bmp
1138,Dataset2/Char/6/Cdts211_200_31_12_168.bmp
1139,Dataset2/Char/6/Cdtb211_200_30_12_168.bmp
1140,Dataset2/Char/6/KTTS212_200_31_18_168.bmp
1141,Dataset2/Char/6/Asts211_200_31_16_168.bmp
1142,Dataset2/Char/6/Cdtb212_200_30_18_168.bmp
1143,Dataset2/Char/6/Bwtb211_200_30_14_168.bmp
1144,Dataset2/Char/6/JTTS211_200_31_10_168.bmp
1145,Dataset2/Char/6/Cdts213_200_31_20_168.bmp
1146,Dataset2/Char/6/KTTS213_200_31_20_168.bmp
1147,Dataset2/Char/6/Asts212_200_31_20_168.bmp
1148,Dataset2/Char/6/KTTS213_200_31_22_168.bmp
1149,Dataset2/Char/6/Bwtb213_200_30_20_168.bmp
1150,Dataset2/Char/6/KKTB211_200_30_14_168.bmp
1151,Dataset2/Char/6/KKTS212_200_31_20_168.bmp
1152,Dataset2/Char/6/Bwts211_200_31_10_168.bmp
1153,Dataset2/Char/6/Bwts211_200_31_14_168.bmp
1154,Dataset2/Char/6/IRTS211_200_31_08_168.bmp
1155,Dataset2/Char/6/JTTS211_200_31_12_168.bmp
1156,Dataset2/Char/6/PPTB213_200_30_22_168.bmp
1157,Dataset2/Char/6/Ectb212_200_30_18_168.bmp
1158,Dataset2/Char/6/JTTB212_200_30_22_168.bmp
1159,Dataset2/Char/6/KTTB211_200_30_12_168.bmp
1160,Dataset2/Char/6/Ects211_200_31_10_168.bmp
1161,Dataset2/Char/6/Bwts213_200_31_22_168.bmp
1162,Dataset2/Char/6/JTTB211_200_30_08_168.bmp
1163,Dataset2/Char/6/Cdtb213_200_30_20_168.bmp
1164,Dataset2/Char/6/FSTS212_200_31_16_168.bmp
1165,Dataset2/Char/6/Ects211_200_31_12_168.bmp
1166,Dataset2/Char/6/Ects211_200_31_08_168.bmp
1167,Dataset2/Char/6/Cdts211_200_31_08_168.bmp
1168,Dataset2/Char/6/PPTS213_200_31_20_168.bmp
1169,Dataset2/Char/6/Bwtb212_200_30_16_168.bmp
1170,Dataset2/Char/6/KTTB212_200_30_16_168.bmp
1171,Dataset2/Char/6/Cdtb212_200_30_16_168.bmp
1172,Dataset2/Char/6/JTTB211_200_30_12_168.bmp
1173,Dataset2/Char/6/PPTB211_200_30_10_168.bmp
1174,Dataset2/Char/6/Astb211_200_30_16_168.bmp
1175,Dataset2/Char/6/FSTS213_200_31_20_168.bmp
1176,Dataset2/Char/6/Ectb211_200_30_08_168.bmp
1177,Dataset2/Char/6/Ectb211_200_30_10_168.bmp
1178,Dataset2/Char/6/FSTB211_200_30_14_168.bmp
1179,Dataset2/Char/6/KKTS211_200_31_12_168.bmp
1180,Dataset2/Char/6/KTTB211_200_30_10_168.bmp
1181,Dataset2/Char/6/Dlts213_200_31_22_168.bmp
1182,Dataset2/Char/6/JTTB212_200_30_20_168.bmp
1183,Dataset2/Char/6/KKTB212_200_30_20_168.bmp
1184,Dataset2/Char/6/KTTB213_200_30_20_168.bmp
1185,Dataset2/Char/6/Astb211_200_30_12_168.bmp
1186,Dataset2/Char/6/Dlts212_200_31_16_168.bmp
1187,Dataset2/Char/6/FSTS212_200_31_18_168.bmp
1188,Dataset2/Char/6/JTTS212_200_31_20_168.bmp
1189,Dataset2/Char/6/Dlts213_200_31_20_168.bmp
1190,Dataset2/Char/6/Dltb211_200_30_14_168.bmp
1191,Dataset2/Char/6/Astb212_200_30_18_168.bmp
1192,Dataset2/Char/6/JTTS212_200_31_22_168.bmp
1193,Dataset2/Char/6/Ects212_200_31_16_168.bmp
1194,Dataset2/Char/6/PPTS211_200_31_12_168.bmp
1195,Dataset2/Char/6/JTTB211_200_30_14_168.bmp
1196,Dataset2/Char/6/Dlts211_200_31_14_168.bmp
1197,Dataset2/Char/6/Cdtb211_200_30_14_168.bmp
1198,Dataset2/Char/6/Asts211_200_31_10_168.bmp
1199,Dataset2/Char/6/Dltb211_200_30_12_168.bmp
1200,Dataset2/Char/6/Ectb211_200_30_14_168.bmp
1201,Dataset2/Char/6/JTTS211_200_31_14_168.bmp
1202,Dataset2/Char/6/Bwts213_200_31_20_168.bmp
1203,Dataset2/Char/6/IRTB213_200_30_20_168.bmp
1204,Dataset2/Char/6/Ectb213_200_30_20_168.bmp
1205,Dataset2/Char/6/Dltb211_200_30_08_168.bmp
1206,Dataset2/Char/6/FSTS213_200_31_22_168.bmp
1207,Dataset2/Char/6/KKTB212_200_30_22_168.bmp
1208,Dataset2/Char/6/Cdtb213_200_30_22_168.bmp
1209,Dataset2/Char/3/Cdts331_300_31_14_164.bmp
1210,Dataset2/Char/3/KTTS213_200_31_20_164.bmp
1211,Dataset2/Char/3/Cdts211_200_31_08_164.bmp
1212,Dataset2/Char/3/Bwtb212_200_30_16_164.bmp
1213,Dataset2/Char/3/Dlts213_200_31_22_164.bmp
1214,Dataset2/Char/3/Bwts212_200_31_18_164.bmp
1215,Dataset2/Char/3/KKTS212_200_31_18_164.bmp
1216,Dataset2/Char/3/KTTB212_200_30_18_164.bmp
1217,Dataset2/Char/3/Bwts321_300_31_14_164.bmp
1218,Dataset2/Char/3/Ectb213_200_30_20_164.bmp
1219,Dataset2/Char/3/Bwtb211_200_30_14_164.bmp
1220,Dataset2/Char/3/IRTS211_200_31_14_164.bmp
1221,Dataset2/Char/3/Dlts211_200_31_12_164.bmp
1222,Dataset2/Char/3/Cdts323_300_31_20_164.bmp
1223,Dataset2/Char/3/JTTS212_200_31_18_164.bmp
1224,Dataset2/Char/3/Bwtb213_200_30_22_164.bmp
1225,Dataset2/Char/3/JTTS212_200_31_20_164.bmp
1226,Dataset2/Char/3/Ectb212_200_30_18_164.bmp
1227,Dataset2/Char/3/Bwts213_200_31_22_164.bmp
1228,Dataset2/Char/3/Cdts333_300_31_20_164.bmp
1229,Dataset2/Char/3/Cdts322_300_31_16_164.bmp
1230,Dataset2/Char/3/Asts212_200_31_18_164.bmp
1231,Dataset2/Char/3/Bwts213_200_31_20_164.bmp
1232,Dataset2/Char/3/JTTS211_200_31_10_164.bmp
1233,Dataset2/Char/3/Astb212_200_30_18_164.bmp
1234,Dataset2/Char/3/KKTS211_200_31_16_164.bmp
1235,Dataset2/Char/3/Cdtb213_200_30_22_164.bmp
1236,Dataset2/Char/3/Bwtb213_200_30_20_164.bmp
1237,Dataset2/Char/3/Cdtb322_300_30_18_164.bmp
1238,Dataset2/Char/3/KTTS212_200_31_18_164.bmp
1239,Dataset2/Char/3/Dlts211_200_31_10_164.bmp
1240,Dataset2/Char/3/Bwts312_300_31_16_164.bmp
1241,Dataset2/Char/3/Asts212_200_31_20_164.bmp
1242,Dataset2/Char/3/Cdtb212_200_30_18_164.bmp
1243,Dataset2/Char/3/Asts212_200_31_22_164.bmp
1244,Dataset2/Char/3/Astb212_200_30_20_164.bmp
1245,Dataset2/Char/3/Cdts332_300_31_16_164.bmp
1246,Dataset2/Char/3/KTTB213_200_30_22_164.bmp
1247,Dataset2/Char/3/Bwtb311_300_30_14_164.bmp
1248,Dataset2/Char/3/Dltb213_200_30_20_164.bmp
1249,Dataset2/Char/3/Cdtb323_300_30_20_164.bmp
1250,Dataset2/Char/3/Dltb213_200_30_22_164.bmp
1251,Dataset2/Char/3/Cdts313_300_31_22_164.bmp
1252,Dataset2/Char/3/Bwts211_200_31_14_164.bmp
1253,Dataset2/Char/3/Cdts312_300_31_18_164.bmp
1254,Dataset2/Char/3/Bwts332_300_31_16_164.bmp
1255,Dataset2/Char/3/Cdts322_300_31_18_164.bmp
1256,Dataset2/Char/3/Cdts211_200_31_14_164.bmp
1257,Dataset2/Char/3/Dlts211_200_31_14_164.bmp
1258,Dataset2/Char/3/KTTB213_200_30_20_164.bmp
1259,Dataset2/Char/3/Cdtb312_300_30_16_164.bmp
1260,Dataset2/Char/3/Cdtb211_200_30_14_164.bmp
1261,Dataset2/Char/3/KTTB212_200_30_16_164.bmp
1262,Dataset2/Char/3/Cdtb313_300_30_20_164.bmp
1263,Dataset2/Char/3/Bwtb211_200_30_12_164.bmp
1264,Dataset2/Char/3/JTTB212_200_30_18_164.bmp
1265,Dataset2/Char/3/JTTS211_200_31_14_164.bmp
1266,Dataset2/Char/3/Ectb213_200_30_22_164.bmp
1267,Dataset2/Char/3/IRTS213_200_31_20_164.bmp
1268,Dataset2/Char/3/Dlts212_200_31_18_164.bmp
1269,Dataset2/Char/3/Dltb212_200_30_18_164.bmp
1270,Dataset2/Char/3/Cdtb311_300_30_14_164.bmp
1271,Dataset2/Char/3/KTTS211_200_31_14_164.bmp
1272,Dataset2/Char/3/Bwts313_300_31_20_164.bmp
1273,Dataset2/Char/3/Cdts332_300_31_18_164.bmp
1274,Dataset2/Char/3/KKTS212_200_31_22_164.bmp
1275,Dataset2/Char/3/JTTS211_200_31_12_164.bmp
1276,Dataset2/Char/3/Bwtb323_300_30_22_164.bmp
1277,Dataset2/Char/3/Bwtb212_200_30_18_164.bmp
1278,Dataset2/Char/3/Cdtb322_300_30_16_164.bmp
1279,Dataset2/Char/3/Bwtb322_300_30_16_164.bmp
1280,Dataset2/Char/3/KKTB212_200_30_22_164.bmp
1281,Dataset2/Char/3/Asts312_300_31_20_164.bmp
1282,Dataset2/Char/3/Cdts321_300_31_14_164.bmp
1283,Dataset2/Char/3/Cdts323_300_31_22_164.bmp
1284,Dataset2/Char/3/Cdtb213_200_30_20_164.bmp
1285,Dataset2/Char/3/Bwts321_300_31_10_164.bmp
1286,Dataset2/Char/3/Bwts323_300_31_20_164.bmp
1287,Dataset2/Char/3/Bwtb311_300_30_12_164.bmp
1288,Dataset2/Char/3/FSTS212_200_31_18_164.bmp
1289,Dataset2/Char/3/Cdtb312_300_30_18_164.bmp
1290,Dataset2/Char/3/Ectb211_200_30_14_164.bmp
1291,Dataset2/Char/3/Dlts212_200_31_16_164.bmp
1292,Dataset2/Char/3/Bwts322_300_31_18_164.bmp
1293,Dataset2/Char/3/Cdtb212_200_30_16_164.bmp
1294,Dataset2/Char/3/JTTB212_200_30_20_164.bmp
1295,Dataset2/Char/3/Cdts213_200_31_20_164.bmp
1296,Dataset2/Char/3/Cdts213_200_31_22_164.bmp
1297,Dataset2/Char/3/Cdts212_200_31_16_164.bmp
1298,Dataset2/Char/3/Cdts312_300_31_16_164.bmp
1299,Dataset2/Char/3/Bwts322_300_31_16_164.bmp
1300,Dataset2/Char/3/KTTS212_200_31_16_164.bmp
1301,Dataset2/Char/3/Cdtb323_300_30_22_164.bmp
1302,Dataset2/Char/3/FSTS213_200_31_20_164.bmp
1303,Dataset2/Char/3/Bwtb313_300_30_20_164.bmp
1304,Dataset2/Char/3/Bwtb322_300_30_18_164.bmp
1305,Dataset2/Char/3/IRTS213_200_31_22_164.bmp
1306,Dataset2/Char/3/Bwtb323_300_30_20_164.bmp
1307,Dataset2/Char/3/Dlts213_200_31_20_164.bmp
1308,Dataset2/Char/3/Cdtb321_300_30_14_164.bmp
1309,Dataset2/Char/3/Bwts313_300_31_22_164.bmp
1310,Dataset2/Char/3/Cdts211_200_31_10_164.bmp
1311,Dataset2/Char/3/Ectb212_200_30_16_164.bmp
1312,Dataset2/Char/3/Cdts313_300_31_20_164.bmp
1313,Dataset2/Char/3/FSTS213_200_31_22_164.bmp
1314,Dataset2/Char/3/Bwts321_300_31_12_164.bmp
1315,Dataset2/Char/3/Bwts311_300_31_14_164.bmp
1316,Dataset2/Char/3/IRTS212_200_31_18_164.bmp
1317,Dataset2/Char/3/KTTB211_200_30_14_164.bmp
1318,Dataset2/Char/3/KKTS211_200_31_10_164.bmp
1319,Dataset2/Char/3/Bwts312_300_31_18_164.bmp
1320,Dataset2/Char/3/Asts211_200_31_14_164.bmp
1321,Dataset2/Char/3/Dltb212_200_30_16_164.bmp
1322,Dataset2/Char/3/JTTB211_200_30_16_164.bmp
1323,Dataset2/Char/3/Cdts333_300_31_22_164.bmp
1324,Dataset2/Char/3/Asts211_200_31_16_164.bmp
1325,Dataset2/Char/3/KTTS211_200_31_12_164.bmp
1326,Dataset2/Char/3/IRTS212_200_31_16_164.bmp
1327,Dataset2/Char/3/KKTS211_200_31_12_164.bmp
1328,Dataset2/Char/3/Bwtb312_300_30_16_164.bmp
1329,Dataset2/Char/3/Bwtb312_300_30_18_164.bmp
1330,Dataset2/Char/3/Bwts332_300_31_18_164.bmp
1331,Dataset2/Char/3/Bwtb321_300_30_12_164.bmp
1332,Dataset2/Char/3/Dltb211_200_30_14_164.bmp
1333,Dataset2/Char/3/KKTS212_200_31_20_164.bmp
1334,Dataset2/Char/3/JTTB212_200_30_22_164.bmp
1335,Dataset2/Char/3/Ects213_200_31_20_164.bmp
1336,Dataset2/Char/3/JTTS212_200_31_22_164.bmp
1337,Dataset2/Char/3/Bwts323_300_31_22_164.bmp
1338,Dataset2/Char/3/KTTS211_200_31_10_164.bmp
1339,Dataset2/Char/3/Cdts212_200_31_18_164.bmp
1340,Dataset2/Char/3/KKTS211_200_31_14_164.bmp
1341,Dataset2/Char/3/Ects213_200_31_22_164.bmp
1342,Dataset2/Char/3/Cdtb313_300_30_22_164.bmp
1343,Dataset2/Char/3/Bwtb313_300_30_22_164.bmp
1344,Dataset2/Char/3/KTTS213_200_31_22_164.bmp
1345,Dataset2/Char/3/Bwtb321_300_30_14_164.bmp
1346,Dataset2/Char/3/JTTS211_200_31_16_164.bmp
1347,Dataset2/Char/3/Cdts211_200_31_12_164.bmp
1348,Dataset2/Char/3/Bwts333_300_31_20_164.bmp
1349,Dataset2/Char/3/Bwts331_300_31_14_164.bmp
1350,Dataset2/Char/3/Cdts321_300_31_12_164.bmp
1351,Dataset2/Char/3/Bwtb211_200_30_10_164.bmp
1352,Dataset2/Char/3/Bwts212_200_31_16_164.bmp
1353,Dataset2/Char/3/Astb212_200_30_22_164.bmp
1354,Dataset2/Char/3/FSTS212_200_31_16_164.bmp
1355,Dataset2/Char/3/KKTB212_200_30_20_164.bmp
1356,Dataset2/Char/3/Bwts311_300_31_12_164.bmp
1357,Dataset2/Char/3/Bwts311_300_31_10_164.bmp
1358,Dataset2/Char/3/Bwts333_300_31_22_164.bmp
1359,Dataset2/Char/9/Bwts211_200_31_10_172.bmp
1360,Dataset2/Char/9/Asts212_200_31_18_172.bmp
1361,Dataset2/Char/9/Cdts211_200_31_10_172.bmp
1362,Dataset2/Char/9/Bwtb313_300_30_22_172.bmp
1363,Dataset2/Char/9/Asts212_200_31_20_172.bmp
1364,Dataset2/Char/9/FSTB213_200_30_20_172.bmp
1365,Dataset2/Char/9/Cdtb213_200_30_20_172.bmp
1366,Dataset2/Char/9/Ectb213_200_30_20_172.bmp
1367,Dataset2/Char/9/Bwtb323_300_30_20_172.bmp
1368,Dataset2/Char/9/Ects211_200_31_12_172.bmp
1369,Dataset2/Char/9/Dlts213_200_31_20_172.bmp
1370,Dataset2/Char/9/Bwts311_300_31_10_172.bmp
1371,Dataset2/Char/9/Bwtb313_300_30_20_172.bmp
1372,Dataset2/Char/9/Cdtb213_200_30_22_172.bmp
1373,Dataset2/Char/9/Asts332_300_31_20_172.bmp
1374,Dataset2/Char/9/Asts332_300_31_22_172.bmp
1375,Dataset2/Char/9/Dltb212_200_30_18_172.bmp
1376,Dataset2/Char/9/Bwts311_300_31_12_172.bmp
1377,Dataset2/Char/9/Bwts321_300_31_12_172.bmp
1378,Dataset2/Char/9/PPTS211_200_31_14_172.bmp
1379,Dataset2/Char/9/Bwtb213_200_30_22_172.bmp
1380,Dataset2/Char/9/Bwtb321_300_30_12_172.bmp
1381,Dataset2/Char/9/KTTS212_200_31_18_172.bmp
1382,Dataset2/Char/9/Bwts211_200_31_12_172.bmp
1383,Dataset2/Char/9/JTTS212_200_31_22_172.bmp
1384,Dataset2/Char/9/JTTS211_200_31_12_172.bmp
1385,Dataset2/Char/9/Asts331_300_31_16_172.bmp
1386,Dataset2/Char/9/Bwtb322_300_30_16_172.bmp
1387,Dataset2/Char/9/PPTS212_200_31_18_172.bmp
1388,Dataset2/Char/9/Dltb213_200_30_20_172.bmp
1389,Dataset2/Char/9/KKTS211_200_31_14_172.bmp
1390,Dataset2/Char/9/Cdtb211_200_30_14_172.bmp
1391,Dataset2/Char/9/FSTS213_200_31_20_172.bmp
1392,Dataset2/Char/9/Astb211_200_30_16_172.bmp
1393,Dataset2/Char/9/KTTS212_200_31_16_172.bmp
1394,Dataset2/Char/9/Asts211_200_31_14_172.bmp
1395,Dataset2/Char/9/IRTS213_200_31_22_172.bmp
1396,Dataset2/Char/9/Bwtb323_300_30_22_172.bmp
1397,Dataset2/Char/9/KKTB211_200_30_14_172.bmp
1398,Dataset2/Char/9/KKTB211_200_30_16_172.bmp
1399,Dataset2/Char/9/Asts212_200_31_22_172.bmp
1400,Dataset2/Char/9/KKTS212_200_31_18_172.bmp
1401,Dataset2/Char/9/JTTS212_200_31_20_172.bmp
1402,Dataset2/Char/9/KTTB212_200_30_16_172.bmp
1403,Dataset2/Char/9/KKTS212_200_31_22_172.bmp
1404,Dataset2/Char/9/Bwts333_300_31_20_172.bmp
1405,Dataset2/Char/9/Cdts213_200_31_20_172.bmp
1406,Dataset2/Char/9/PPTB212_200_30_18_172.bmp
1407,Dataset2/Char/9/Dlts212_200_31_16_172.bmp
1408,Dataset2/Char/9/Bwts323_300_31_22_172.bmp
1409,Dataset2/Char/9/Bwtb312_300_30_18_172.bmp
1410,Dataset2/Char/9/Bwtb212_200_30_16_172.bmp
1411,Dataset2/Char/9/Bwts311_300_31_08_172.bmp
1412,Dataset2/Char/9/KKTS211_200_31_16_172.bmp
1413,Dataset2/Char/9/PPTB213_200_30_20_172.bmp
1414,Dataset2/Char/9/IRTS212_200_31_18_172.bmp
1415,Dataset2/Char/9/IRTS213_200_31_20_172.bmp
1416,Dataset2/Char/9/Bwts322_300_31_18_172.bmp
1417,Dataset2/Char/9/Bwts333_300_31_22_172.bmp
1418,Dataset2/Char/9/FSTS212_200_31_16_172.bmp
1419,Dataset2/Char/9/JTTS211_200_31_16_172.bmp
1420,Dataset2/Char/9/Asts322_300_31_20_172.bmp
1421,Dataset2/Char/9/Asts332_300_31_18_172.bmp
1422,Dataset2/Char/9/Bwts313_300_31_20_172.bmp
1423,Dataset2/Char/9/Bwts213_200_31_22_172.bmp
1424,Dataset2/Char/9/Dltb211_200_30_14_172.bmp
1425,Dataset2/Char/9/Cdts211_200_31_12_172.bmp
1426,Dataset2/Char/9/Bwts321_300_31_10_172.bmp
1427,Dataset2/Char/9/Bwts331_300_31_14_172.bmp
1428,Dataset2/Char/9/Bwts211_200_31_14_172.bmp
1429,Dataset2/Char/9/FSTS213_200_31_22_172.bmp
1430,Dataset2/Char/9/Bwts323_300_31_20_172.bmp
1431,Dataset2/Char/9/Bwts312_300_31_18_172.bmp
1432,Dataset2/Char/9/Ectb213_200_30_22_172.bmp
1433,Dataset2/Char/9/KTTB212_200_30_18_172.bmp
1434,Dataset2/Char/9/Bwts321_300_31_14_172.bmp
1435,Dataset2/Char/9/Dlts211_200_31_12_172.bmp
1436,Dataset2/Char/9/Ects212_200_31_16_172.bmp
1437,Dataset2/Char/9/Ects212_200_31_18_172.bmp
1438,Dataset2/Char/9/Bwts312_300_31_16_172.bmp
1439,Dataset2/Char/9/Bwtb211_200_30_14_172.bmp
1440,Dataset2/Char/9/Bwtb321_300_30_14_172.bmp
1441,Dataset2/Char/9/IRTS211_200_31_14_172.bmp
1442,Dataset2/Char/9/Cdts212_200_31_18_172.bmp
1443,Dataset2/Char/9/Dlts212_200_31_18_172.bmp
1444,Dataset2/Char/9/Asts211_200_31_12_172.bmp
1445,Dataset2/Char/9/IRTB213_200_30_22_172.bmp
1446,Dataset2/Char/9/FSTB213_200_30_22_172.bmp
1447,Dataset2/Char/9/KTTB213_200_30_20_172.bmp
1448,Dataset2/Char/9/Asts211_200_31_16_172.bmp
1449,Dataset2/Char/9/Dlts213_200_31_22_172.bmp
1450,Dataset2/Char/9/Cdts212_200_31_16_172.bmp
1451,Dataset2/Char/9/Astb311_300_30_12_172.bmp
1452,Dataset2/Char/9/Bwts211_200_31_08_172.bmp
1453,Dataset2/Char/9/Dlts211_200_31_14_172.bmp
1454,Dataset2/Char/9/Bwtb211_200_30_12_172.bmp
1455,Dataset2/Char/9/Bwts213_200_31_20_172.bmp
1456,Dataset2/Char/9/KKTB212_200_30_18_172.bmp
1457,Dataset2/Char/9/FSTS211_200_31_12_172.bmp
1458,Dataset2/Char/9/KKTB212_200_30_20_172.bmp
1459,Dataset2/Char/9/Bwts212_200_31_16_172.bmp
1460,Dataset2/Char/9/KTTB213_200_30_22_172.bmp
1461,Dataset2/Char/9/Dltb212_200_30_16_172.bmp
1462,Dataset2/Char/9/FSTS211_200_31_14_172.bmp
1463,Dataset2/Char/9/JTTS212_200_31_18_172.bmp
1464,Dataset2/Char/9/FSTB212_200_30_16_172.bmp
1465,Dataset2/Char/9/Astb211_200_30_14_172.bmp
1466,Dataset2/Char/9/FSTB212_200_30_18_172.bmp
1467,Dataset2/Char/9/Asts322_300_31_22_172.bmp
1468,Dataset2/Char/9/KTTS213_200_31_22_172.bmp
1469,Dataset2/Char/9/Cdts213_200_31_22_172.bmp
1470,Dataset2/Char/9/PPTS213_200_31_20_172.bmp
1471,Dataset2/Char/9/Cdtb212_200_30_18_172.bmp
1472,Dataset2/Char/9/Bwtb212_200_30_18_172.bmp
1473,Dataset2/Char/9/KKTB212_200_30_22_172.bmp
1474,Dataset2/Char/9/PPTS213_200_31_22_172.bmp
1475,Dataset2/Char/9/Ects213_200_31_20_172.bmp
1476,Dataset2/Char/9/Dltb213_200_30_22_172.bmp
1477,Dataset2/Char/9/JTTS211_200_31_14_172.bmp
1478,Dataset2/Char/9/PPTB213_200_30_22_172.bmp
1479,Dataset2/Char/9/Bwts212_200_31_18_172.bmp
1480,Dataset2/Char/9/KTTS213_200_31_20_172.bmp
1481,Dataset2/Char/9/JTTB212_200_30_22_172.bmp
1482,Dataset2/Char/9/Ects211_200_31_14_172.bmp
1483,Dataset2/Char/9/JTTB212_200_30_20_172.bmp
1484,Dataset2/Char/9/Bwts313_300_31_22_172.bmp
1485,Dataset2/Char/9/Bwtb322_300_30_18_172.bmp
1486,Dataset2/Char/9/FSTS212_200_31_18_172.bmp
1487,Dataset2/Char/9/Bwts311_300_31_14_172.bmp
1488,Dataset2/Char/9/Astb212_200_30_20_172.bmp
1489,Dataset2/Char/9/Astb212_200_30_18_172.bmp
1490,Dataset2/Char/9/KKTS212_200_31_20_172.bmp
1491,Dataset2/Char/9/KKTS211_200_31_12_172.bmp
1492,Dataset2/Char/9/FSTB211_200_30_14_172.bmp
1493,Dataset2/Char/9/Astb311_300_30_14_172.bmp
1494,Dataset2/Char/9/Cdts211_200_31_14_172.bmp
1495,Dataset2/Char/9/Cdtb212_200_30_16_172.bmp
1496,Dataset2/Char/9/IRTS212_200_31_16_172.bmp
1497,Dataset2/Char/9/Bwts322_300_31_16_172.bmp
1498,Dataset2/Char/9/Bwtb213_200_30_20_172.bmp
1499,Dataset2/Char/9/Bwts332_300_31_18_172.bmp
1500,Dataset2/Char/9/FSTS211_200_31_10_172.bmp
1501,Dataset2/Char/9/Ects213_200_31_22_172.bmp
1502,Dataset2/Char/9/Astb212_200_30_22_172.bmp
1503,Dataset2/Char/9/JTTB212_200_30_18_172.bmp
1504,Dataset2/Char/9/PPTS212_200_31_16_172.bmp
1505,Dataset2/Char/9/Bwts332_300_31_16_172.bmp
1506,Dataset2/Char/9/Asts331_300_31_14_172.bmp
1507,Dataset2/Char/9/Astb311_300_30_16_172.bmp
1508,Dataset2/Char/9/IRTB213_200_30_20_172.bmp
1509,Dataset2/Char/7/JTTS211_200_31_14_169.bmp
1510,Dataset2/Char/7/Astb212_200_30_18_169.bmp
1511,Dataset2/Char/7/KKTB212_200_30_18_169.bmp
1512,Dataset2/Char/7/Dltb213_200_30_20_169.bmp
1513,Dataset2/Char/7/PPTS213_200_31_22_169.bmp
1514,Dataset2/Char/7/Cdts212_200_31_16_169.bmp
1515,Dataset2/Char/7/Asts322_300_31_22_169.bmp
1516,Dataset2/Char/7/FSTS213_200_31_22_169.bmp
1517,Dataset2/Char/7/JMTS213_200_31_22_169.bmp
1518,Dataset2/Char/7/KTTS212_200_31_18_169.bmp
1519,Dataset2/Char/7/Dltb212_200_30_18_169.bmp
1520,Dataset2/Char/7/Ectb211_200_30_10_169.bmp
1521,Dataset2/Char/7/Bwts211_200_31_08_169.bmp
1522,Dataset2/Char/7/JMTS211_200_31_08_169.bmp
1523,Dataset2/Char/7/IRTS212_200_31_16_169.bmp
1524,Dataset2/Char/7/Cdts212_200_31_18_169.bmp
1525,Dataset2/Char/7/Astb212_200_30_20_169.bmp
1526,Dataset2/Char/7/Bwts212_200_31_16_169.bmp
1527,Dataset2/Char/7/Dltb212_200_30_16_169.bmp
1528,Dataset2/Char/7/Ectb212_200_30_18_169.bmp
1529,Dataset2/Char/7/KTTS211_200_31_14_169.bmp
1530,Dataset2/Char/7/FSTB211_200_30_10_169.bmp
1531,Dataset2/Char/7/IRTS213_200_31_20_169.bmp
1532,Dataset2/Char/7/KKTS212_200_31_18_169.bmp
1533,Dataset2/Char/7/Ects213_200_31_22_169.bmp
1534,Dataset2/Char/7/FSTS213_200_31_20_169.bmp
1535,Dataset2/Char/7/Cdts211_200_31_08_169.bmp
1536,Dataset2/Char/7/JMTS213_200_31_20_169.bmp
1537,Dataset2/Char/7/Asts212_200_31_20_169.bmp
1538,Dataset2/Char/7/JTTB211_200_30_16_169.bmp
1539,Dataset2/Char/7/JMTB213_200_30_22_169.bmp
1540,Dataset2/Char/7/Ectb211_200_30_08_169.bmp
1541,Dataset2/Char/7/Astb211_200_30_16_169.bmp
1542,Dataset2/Char/7/PPTS213_200_31_20_169.bmp
1543,Dataset2/Char/7/PPTS211_200_31_12_169.bmp
1544,Dataset2/Char/7/FSTS212_200_31_18_169.bmp
1545,Dataset2/Char/7/Dltb213_200_30_22_169.bmp
1546,Dataset2/Char/7/Ects211_200_31_10_169.bmp
1547,Dataset2/Char/7/FSTB211_200_30_14_169.bmp
1548,Dataset2/Char/7/Astb212_200_30_22_169.bmp
1549,Dataset2/Char/7/Asts212_200_31_22_169.bmp
1550,Dataset2/Char/7/KKTS211_200_31_14_169.bmp
1551,Dataset2/Char/7/IRTB212_200_30_16_169.bmp
1552,Dataset2/Char/7/Cdtb211_200_30_14_169.bmp
1553,Dataset2/Char/7/FSTB212_200_30_18_169.bmp
1554,Dataset2/Char/7/Bwtb213_200_30_20_169.bmp
1555,Dataset2/Char/7/JMTB212_200_30_18_169.bmp
1556,Dataset2/Char/7/Bwtb213_200_30_22_169.bmp
1557,Dataset2/Char/7/PPTS212_200_31_16_169.bmp
1558,Dataset2/Char/7/Asts322_300_31_20_169.bmp
1559,Dataset2/Char/7/Ects211_200_31_14_169.bmp
1560,Dataset2/Char/7/JMTS211_200_31_12_169.bmp
1561,Dataset2/Char/7/Dlts211_200_31_14_169.bmp
1562,Dataset2/Char/7/Bwtb212_200_30_16_169.bmp
1563,Dataset2/Char/7/JTTS211_200_31_16_169.bmp
1564,Dataset2/Char/7/JMTB211_200_30_08_169.bmp
1565,Dataset2/Char/7/Cdtb213_200_30_20_169.bmp
1566,Dataset2/Char/7/Ects212_200_31_16_169.bmp
1567,Dataset2/Char/7/Ectb211_200_30_14_169.bmp
1568,Dataset2/Char/7/JMTS211_200_31_14_169.bmp
1569,Dataset2/Char/7/Asts211_200_31_14_169.bmp
1570,Dataset2/Char/7/Bwts211_200_31_14_169.bmp
1571,Dataset2/Char/7/IRTS212_200_31_18_169.bmp
1572,Dataset2/Char/7/IRTS211_200_31_12_169.bmp
1573,Dataset2/Char/7/Astb211_200_30_14_169.bmp
1574,Dataset2/Char/7/Bwts213_200_31_20_169.bmp
1575,Dataset2/Char/7/KKTB212_200_30_22_169.bmp
1576,Dataset2/Char/7/FSTS211_200_31_14_169.bmp
1577,Dataset2/Char/7/Cdts211_200_31_14_169.bmp
1578,Dataset2/Char/7/IRTB213_200_30_22_169.bmp
1579,Dataset2/Char/7/Dlts213_200_31_22_169.bmp
1580,Dataset2/Char/7/Astb211_200_30_12_169.bmp
1581,Dataset2/Char/7/JTTB211_200_30_08_169.bmp
1582,Dataset2/Char/7/Cdts213_200_31_20_169.bmp
1583,Dataset2/Char/7/Asts322_300_31_18_169.bmp
1584,Dataset2/Char/7/PPTS212_200_31_18_169.bmp
1585,Dataset2/Char/7/Dlts212_200_31_16_169.bmp
1586,Dataset2/Char/7/KKTB211_200_30_16_169.bmp
1587,Dataset2/Char/7/JTTB212_200_30_22_169.bmp
1588,Dataset2/Char/7/KTTB212_200_30_16_169.bmp
1589,Dataset2/Char/7/KTTS213_200_31_22_169.bmp
1590,Dataset2/Char/7/JMTS212_200_31_16_169.bmp
1591,Dataset2/Char/7/Ectb212_200_30_16_169.bmp
1592,Dataset2/Char/7/JMTS211_200_31_10_169.bmp
1593,Dataset2/Char/7/IRTS213_200_31_22_169.bmp
1594,Dataset2/Char/7/KKTB211_200_30_12_169.bmp
1595,Dataset2/Char/7/JTTB212_200_30_20_169.bmp
1596,Dataset2/Char/7/Cdts213_200_31_22_169.bmp
1597,Dataset2/Char/7/KKTS211_200_31_16_169.bmp
1598,Dataset2/Char/7/PPTB212_200_30_16_169.bmp
1599,Dataset2/Char/7/PPTB213_200_30_20_169.bmp
1600,Dataset2/Char/7/Bwtb211_200_30_14_169.bmp
1601,Dataset2/Char/7/FSTB213_200_30_20_169.bmp
1602,Dataset2/Char/7/Cdtb212_200_30_16_169.bmp
1603,Dataset2/Char/7/Ectb213_200_30_22_169.bmp
1604,Dataset2/Char/7/KTTB213_200_30_22_169.bmp
1605,Dataset2/Char/7/Asts211_200_31_16_169.bmp
1606,Dataset2/Char/7/JTTB212_200_30_18_169.bmp
1607,Dataset2/Char/7/PPTS211_200_31_14_169.bmp
1608,Dataset2/Char/7/PPTB212_200_30_18_169.bmp
1609,Dataset2/Char/7/IRTS211_200_31_14_169.bmp
1610,Dataset2/Char/7/Asts321_300_31_14_169.bmp
1611,Dataset2/Char/7/IRTS211_200_31_08_169.bmp
1612,Dataset2/Char/7/Ectb211_200_30_12_169.bmp
1613,Dataset2/Char/7/Ects211_200_31_08_169.bmp
1614,Dataset2/Char/7/Bwtb211_200_30_08_169.bmp
1615,Dataset2/Char/7/Bwtb211_200_30_12_169.bmp
1616,Dataset2/Char/7/Dlts212_200_31_18_169.bmp
1617,Dataset2/Char/7/JMTB212_200_30_16_169.bmp
1618,Dataset2/Char/7/JTTS212_200_31_22_169.bmp
1619,Dataset2/Char/7/KTTB212_200_30_18_169.bmp
1620,Dataset2/Char/7/FSTB211_200_30_12_169.bmp
1621,Dataset2/Char/7/Bwts212_200_31_18_169.bmp
1622,Dataset2/Char/7/JMTB213_200_30_20_169.bmp
1623,Dataset2/Char/7/Asts212_200_31_18_169.bmp
1624,Dataset2/Char/7/FSTB211_200_30_08_169.bmp
1625,Dataset2/Char/7/PPTB213_200_30_22_169.bmp
1626,Dataset2/Char/7/Dlts211_200_31_12_169.bmp
1627,Dataset2/Char/7/IRTB213_200_30_20_169.bmp
1628,Dataset2/Char/7/Cdtb212_200_30_18_169.bmp
1629,Dataset2/Char/7/KTTS212_200_31_16_169.bmp
1630,Dataset2/Char/7/JMTB211_200_30_12_169.bmp
1631,Dataset2/Char/7/IRTB212_200_30_18_169.bmp
1632,Dataset2/Char/7/JTTS212_200_31_18_169.bmp
1633,Dataset2/Char/7/KKTS212_200_31_20_169.bmp
1634,Dataset2/Char/7/Cdtb213_200_30_22_169.bmp
1635,Dataset2/Char/7/Ects213_200_31_20_169.bmp
1636,Dataset2/Char/7/JMTS212_200_31_18_169.bmp
1637,Dataset2/Char/7/KKTS212_200_31_22_169.bmp
1638,Dataset2/Char/7/Bwtb212_200_30_18_169.bmp
1639,Dataset2/Char/7/FSTS212_200_31_16_169.bmp
1640,Dataset2/Char/7/KKTB211_200_30_14_169.bmp
1641,Dataset2/Char/7/KKTB212_200_30_20_169.bmp
1642,Dataset2/Char/7/Ectb213_200_30_20_169.bmp
1643,Dataset2/Char/7/Bwts213_200_31_22_169.bmp
1644,Dataset2/Char/7/JTTS212_200_31_20_169.bmp
1645,Dataset2/Char/7/KTTS213_200_31_20_169.bmp
1646,Dataset2/Char/7/FSTB212_200_30_16_169.bmp
1647,Dataset2/Char/7/Cdts211_200_31_12_169.bmp
1648,Dataset2/Char/7/KTTB213_200_30_20_169.bmp
1649,Dataset2/Char/7/Cdts211_200_31_10_169.bmp
1650,Dataset2/Char/7/Ects211_200_31_12_169.bmp
1651,Dataset2/Char/7/JTTB211_200_30_10_169.bmp
1652,Dataset2/Char/7/FSTB213_200_30_22_169.bmp
1653,Dataset2/Char/7/Ects212_200_31_18_169.bmp
1654,Dataset2/Char/7/Dlts213_200_31_20_169.bmp
1655,Dataset2/Char/7/JMTB211_200_30_10_169.bmp
1656,Dataset2/Char/7/Bwtb211_200_30_10_169.bmp
1657,Dataset2/Char/7/Bwts211_200_31_12_169.bmp
1658,Dataset2/Char/7/Asts321_300_31_16_169.bmp
1659,Dataset2/Char/1/Bwts311_300_31_12_161.bmp
1660,Dataset2/Char/1/Bwtb312_300_30_16_161.bmp
1661,Dataset2/Char/1/Bwtb323_300_30_20_161.bmp
1662,Dataset2/Char/1/Astb212_200_30_20_161.bmp
1663,Dataset2/Char/1/JTTS331_300_31_16_161.bmp
1664,Dataset2/Char/1/Bwts332_300_31_18_161.bmp
1665,Dataset2/Char/1/Bwtb322_300_30_18_161.bmp
1666,Dataset2/Char/1/KKTS312_300_31_18_161.bmp
1667,Dataset2/Char/1/Bwts211_200_31_14_161.bmp
1668,Dataset2/Char/1/Astb212_200_30_18_161.bmp
1669,Dataset2/Char/1/Bwtb313_300_30_22_161.bmp
1670,Dataset2/Char/1/Astb311_300_30_12_161.bmp
1671,Dataset2/Char/1/Cdtb212_200_30_18_161.bmp
1672,Dataset2/Char/1/Asts312_300_31_18_161.bmp
1673,Dataset2/Char/1/KKTS312_300_31_22_161.bmp
1674,Dataset2/Char/1/Cdts212_200_31_16_161.bmp
1675,Dataset2/Char/1/Dlts331_300_31_14_161.bmp
1676,Dataset2/Char/1/Bwtb323_300_30_22_161.bmp
1677,Dataset2/Char/1/Cdts312_300_31_18_161.bmp
1678,Dataset2/Char/1/Cdtb211_200_30_12_161.bmp
1679,Dataset2/Char/1/JTTS331_300_31_14_161.bmp
1680,Dataset2/Char/1/Cdtb313_300_30_20_161.bmp
1681,Dataset2/Char/1/Ects312_300_31_16_161.bmp
1682,Dataset2/Char/1/JTTS332_300_31_22_161.bmp
1683,Dataset2/Char/1/Bwtb321_300_30_14_161.bmp
1684,Dataset2/Char/1/Dlts313_300_31_22_161.bmp
1685,Dataset2/Char/1/Dltb212_200_30_16_161.bmp
1686,Dataset2/Char/1/KTTS332_300_31_18_161.bmp
1687,Dataset2/Char/1/Dltb323_300_30_22_161.bmp
1688,Dataset2/Char/1/Asts311_300_31_12_161.bmp
1689,Dataset2/Char/1/Asts312_300_31_20_161.bmp
1690,Dataset2/Char/1/Dltb321_300_30_12_161.bmp
1691,Dataset2/Char/1/JTTS332_300_31_18_161.bmp
1692,Dataset2/Char/1/Astb311_300_30_16_161.bmp
1693,Dataset2/Char/1/Cdts313_300_31_20_161.bmp
1694,Dataset2/Char/1/Cdts321_300_31_14_161.bmp
1695,Dataset2/Char/1/KKTB312_300_30_20_161.bmp
1696,Dataset2/Char/1/Cdtb321_300_30_12_161.bmp
1697,Dataset2/Char/1/Ects332_300_31_18_161.bmp
1698,Dataset2/Char/1/Astb321_300_30_16_161.bmp
1699,Dataset2/Char/1/Cdts211_200_31_12_161.bmp
1700,Dataset2/Char/1/Bwtb312_300_30_18_161.bmp
1701,Dataset2/Char/1/Cdts333_300_31_22_161.bmp
1702,Dataset2/Char/1/Bwtb311_300_30_14_161.bmp
1703,Dataset2/Char/1/Bwtb322_300_30_16_161.bmp
1704,Dataset2/Char/1/Astb212_200_30_22_161.bmp
1705,Dataset2/Char/1/Bwtb321_300_30_10_161.bmp
1706,Dataset2/Char/1/Cdts331_300_31_14_161.bmp
1707,Dataset2/Char/1/Ects323_300_31_22_161.bmp
1708,Dataset2/Char/1/Bwts213_200_31_20_161.bmp
1709,Dataset2/Char/1/Bwtb212_200_30_18_161.bmp
1710,Dataset2/Char/1/Bwts212_200_31_16_161.bmp
1711,Dataset2/Char/1/Astb312_300_30_20_161.bmp
1712,Dataset2/Char/1/Bwts321_300_31_12_161.bmp
1713,Dataset2/Char/1/KKTS312_300_31_20_161.bmp
1714,Dataset2/Char/1/KKTB322_300_30_18_161.bmp
1715,Dataset2/Char/1/Bwts321_300_31_10_161.bmp
1716,Dataset2/Char/1/Dlts313_300_31_20_161.bmp
1717,Dataset2/Char/1/Dlts333_300_31_20_161.bmp
1718,Dataset2/Char/1/Dlts213_200_31_22_161.bmp
1719,Dataset2/Char/1/Ects323_300_31_20_161.bmp
1720,Dataset2/Char/1/Ectb313_300_30_20_161.bmp
1721,Dataset2/Char/1/Bwts313_300_31_20_161.bmp
1722,Dataset2/Char/1/Bwtb213_200_30_22_161.bmp
1723,Dataset2/Char/1/Dlts211_200_31_14_161.bmp
1724,Dataset2/Char/1/Bwts322_300_31_16_161.bmp
1725,Dataset2/Char/1/Asts321_300_31_14_161.bmp
1726,Dataset2/Char/1/Bwtb311_300_30_10_161.bmp
1727,Dataset2/Char/1/Cdtb213_200_30_22_161.bmp
1728,Dataset2/Char/1/Cdts321_300_31_08_161.bmp
1729,Dataset2/Char/1/Astb312_300_30_22_161.bmp
1730,Dataset2/Char/1/Bwts333_300_31_20_161.bmp
1731,Dataset2/Char/1/Cdts333_300_31_20_161.bmp
1732,Dataset2/Char/1/Cdts322_300_31_18_161.bmp
1733,Dataset2/Char/1/Cdts212_200_31_18_161.bmp
1734,Dataset2/Char/1/Dlts212_200_31_16_161.bmp
1735,Dataset2/Char/1/Dltb213_200_30_22_161.bmp
1736,Dataset2/Char/1/Bwts321_300_31_14_161.bmp
1737,Dataset2/Char/1/Astb322_300_30_22_161.bmp
1738,Dataset2/Char/1/Cdts322_300_31_16_161.bmp
1739,Dataset2/Char/1/Cdts313_300_31_22_161.bmp
1740,Dataset2/Char/1/Bwts312_300_31_18_161.bmp
1741,Dataset2/Char/1/Dlts332_300_31_18_161.bmp
1742,Dataset2/Char/1/Ects313_300_31_22_161.bmp
1743,Dataset2/Char/1/Bwts312_300_31_16_161.bmp
1744,Dataset2/Char/1/Asts212_200_31_22_161.bmp
1745,Dataset2/Char/1/Bwts333_300_31_22_161.bmp
1746,Dataset2/Char/1/Ects312_300_31_18_161.bmp
1747,Dataset2/Char/1/KKTB321_300_30_14_161.bmp
1748,Dataset2/Char/1/Bwts323_300_31_20_161.bmp
1749,Dataset2/Char/1/Asts212_200_31_18_161.bmp
1750,Dataset2/Char/1/Bwtb212_200_30_16_161.bmp
1751,Dataset2/Char/1/KKTB321_300_30_16_161.bmp
1752,Dataset2/Char/1/Cdtb213_200_30_20_161.bmp
1753,Dataset2/Char/1/Dltb313_300_30_20_161.bmp
1754,Dataset2/Char/1/KTTS333_300_31_20_161.bmp
1755,Dataset2/Char/1/Bwts332_300_31_16_161.bmp
1756,Dataset2/Char/1/Cdts213_200_31_22_161.bmp
1757,Dataset2/Char/1/Cdts323_300_31_22_161.bmp
1758,Dataset2/Char/1/Dlts323_300_31_22_161.bmp
1759,Dataset2/Char/1/Cdts332_300_31_16_161.bmp
1760,Dataset2/Char/1/Cdtb313_300_30_22_161.bmp
1761,Dataset2/Char/1/KKTB322_300_30_22_161.bmp
1762,Dataset2/Char/1/Cdtb322_300_30_16_161.bmp
1763,Dataset2/Char/1/Ectb313_300_30_22_161.bmp
1764,Dataset2/Char/1/Bwtb321_300_30_12_161.bmp
1765,Dataset2/Char/1/KTTB313_300_30_22_161.bmp
1766,Dataset2/Char/1/Bwtb311_300_30_12_161.bmp
1767,Dataset2/Char/1/Bwts311_300_31_14_161.bmp
1768,Dataset2/Char/1/Cdts323_300_31_20_161.bmp
1769,Dataset2/Char/1/KKTS311_300_31_16_161.bmp
1770,Dataset2/Char/1/JTTS332_300_31_20_161.bmp
1771,Dataset2/Char/1/Dltb213_200_30_20_161.bmp
1772,Dataset2/Char/1/Asts212_200_31_20_161.bmp
1773,Dataset2/Char/1/Dlts332_300_31_16_161.bmp
1774,Dataset2/Char/1/KTTS323_300_31_20_161.bmp
1775,Dataset2/Char/1/Dltb212_200_30_18_161.bmp
1776,Dataset2/Char/1/Cdtb321_300_30_14_161.bmp
1777,Dataset2/Char/1/Cdtb322_300_30_18_161.bmp
1778,Dataset2/Char/1/Dlts212_200_31_18_161.bmp
1779,Dataset2/Char/1/Bwts323_300_31_22_161.bmp
1780,Dataset2/Char/1/Ects333_300_31_20_161.bmp
1781,Dataset2/Char/1/Cdtb323_300_30_20_161.bmp
1782,Dataset2/Char/1/Cdts312_300_31_16_161.bmp
1783,Dataset2/Char/1/Bwts212_200_31_18_161.bmp
1784,Dataset2/Char/1/Ects313_300_31_20_161.bmp
1785,Dataset2/Char/1/Ectb312_300_30_18_161.bmp
1786,Dataset2/Char/1/Astb211_200_30_14_161.bmp
1787,Dataset2/Char/1/Asts211_200_31_16_161.bmp
1788,Dataset2/Char/1/Bwtb213_200_30_20_161.bmp
1789,Dataset2/Char/1/Cdts332_300_31_18_161.bmp
1790,Dataset2/Char/1/Astb211_200_30_16_161.bmp
1791,Dataset2/Char/1/Bwts322_300_31_18_161.bmp
1792,Dataset2/Char/1/Dltb312_300_30_18_161.bmp
1793,Dataset2/Char/1/Ects333_300_31_22_161.bmp
1794,Dataset2/Char/1/Bwts213_200_31_22_161.bmp
1795,Dataset2/Char/1/Asts211_200_31_14_161.bmp
1796,Dataset2/Char/1/Dlts312_300_31_18_161.bmp
1797,Dataset2/Char/1/Asts311_300_31_14_161.bmp
1798,Dataset2/Char/1/Dlts333_300_31_22_161.bmp
1799,Dataset2/Char/1/Dlts312_300_31_16_161.bmp
1800,Dataset2/Char/1/Bwts313_300_31_22_161.bmp
1801,Dataset2/Char/1/Astb311_300_30_14_161.bmp
1802,Dataset2/Char/1/Cdtb312_300_30_18_161.bmp
1803,Dataset2/Char/1/Bwtb313_300_30_20_161.bmp
1804,Dataset2/Char/1/Cdtb211_200_30_10_161.bmp
1805,Dataset2/Char/1/Asts322_300_31_18_161.bmp
1806,Dataset2/Char/1/Bwts211_200_31_10_161.bmp
1807,Dataset2/Char/1/Dlts323_300_31_20_161.bmp
1808,Dataset2/Char/1/Dltb313_300_30_22_161.bmp
1809,Dataset2/Char/10/FSTS212_200_31_18_173.bmp
1810,Dataset2/Char/10/Dltb212_200_30_16_173.bmp
1811,Dataset2/Char/10/KKTS212_200_31_22_173.bmp
1812,Dataset2/Char/10/Bwtb212_200_30_18_173.bmp
1813,Dataset2/Char/10/PPTS212_200_31_18_173.bmp
1814,Dataset2/Char/10/Asts322_300_31_18_173.bmp
1815,Dataset2/Char/10/Ectb213_200_30_22_173.bmp
1816,Dataset2/Char/10/PPTB213_200_30_22_173.bmp
1817,Dataset2/Char/10/PPTS213_200_31_20_173.bmp
1818,Dataset2/Char/10/Bwtb312_300_30_18_173.bmp
1819,Dataset2/Char/10/Astb321_300_30_12_173.bmp
1820,Dataset2/Char/10/Bwtb313_300_30_22_173.bmp
1821,Dataset2/Char/10/JTTS212_200_31_20_173.bmp
1822,Dataset2/Char/10/IRTS212_200_31_18_173.bmp
1823,Dataset2/Char/10/PPTB213_200_30_20_173.bmp
1824,Dataset2/Char/10/JTTB212_200_30_20_173.bmp
1825,Dataset2/Char/10/Astb212_200_30_18_173.bmp
1826,Dataset2/Char/10/KKTS211_200_31_14_173.bmp
1827,Dataset2/Char/10/Asts212_200_31_18_173.bmp
1828,Dataset2/Char/10/Asts321_300_31_14_173.bmp
1829,Dataset2/Char/10/KKTS212_200_31_18_173.bmp
1830,Dataset2/Char/10/Bwtb313_300_30_20_173.bmp
1831,Dataset2/Char/10/FSTB213_200_30_20_173.bmp
1832,Dataset2/Char/10/KTTS211_200_31_14_173.bmp
1833,Dataset2/Char/10/Dlts212_200_31_16_173.bmp
1834,Dataset2/Char/10/PPTS211_200_31_14_173.bmp
1835,Dataset2/Char/10/Asts321_300_31_12_173.bmp
1836,Dataset2/Char/10/IRTB213_200_30_20_173.bmp
1837,Dataset2/Char/10/Asts212_200_31_20_173.bmp
1838,Dataset2/Char/10/Bwts313_300_31_20_173.bmp
1839,Dataset2/Char/10/IRTS213_200_31_22_173.bmp
1840,Dataset2/Char/10/Ects213_200_31_20_173.bmp
1841,Dataset2/Char/10/PPTB212_200_30_16_173.bmp
1842,Dataset2/Char/10/JTTS211_200_31_16_173.bmp
1843,Dataset2/Char/10/Cdts211_200_31_14_173.bmp
1844,Dataset2/Char/10/PPTS212_200_31_16_173.bmp
1845,Dataset2/Char/10/KKTB212_200_30_22_173.bmp
1846,Dataset2/Char/10/Bwts322_300_31_18_173.bmp
1847,Dataset2/Char/10/Astb212_200_30_22_173.bmp
1848,Dataset2/Char/10/Astb311_300_30_16_173.bmp
1849,Dataset2/Char/10/KTTB212_200_30_16_173.bmp
1850,Dataset2/Char/10/Astb311_300_30_14_173.bmp
1851,Dataset2/Char/10/FSTS212_200_31_16_173.bmp
1852,Dataset2/Char/10/Astb211_200_30_14_173.bmp
1853,Dataset2/Char/10/Asts331_300_31_14_173.bmp
1854,Dataset2/Char/10/Astb321_300_30_14_173.bmp
1855,Dataset2/Char/10/Astb322_300_30_20_173.bmp
1856,Dataset2/Char/10/PPTB212_200_30_18_173.bmp
1857,Dataset2/Char/10/JTTB211_200_30_14_173.bmp
1858,Dataset2/Char/10/FSTS213_200_31_20_173.bmp
1859,Dataset2/Char/10/Ectb213_200_30_20_173.bmp
1860,Dataset2/Char/10/Bwtb322_300_30_18_173.bmp
1861,Dataset2/Char/10/PPTS213_200_31_22_173.bmp
1862,Dataset2/Char/10/Ects212_200_31_16_173.bmp
1863,Dataset2/Char/10/KKTB211_200_30_14_173.bmp
1864,Dataset2/Char/10/Bwts321_300_31_12_173.bmp
1865,Dataset2/Char/10/KTTB212_200_30_18_173.bmp
1866,Dataset2/Char/10/Asts322_300_31_20_173.bmp
1867,Dataset2/Char/10/Bwtb321_300_30_12_173.bmp
1868,Dataset2/Char/10/Asts312_300_31_22_173.bmp
1869,Dataset2/Char/10/Cdtb212_200_30_18_173.bmp
1870,Dataset2/Char/10/FSTS211_200_31_14_173.bmp
1871,Dataset2/Char/10/Bwts211_200_31_12_173.bmp
1872,Dataset2/Char/10/Dlts212_200_31_18_173.bmp
1873,Dataset2/Char/10/Astb312_300_30_20_173.bmp
1874,Dataset2/Char/10/Bwtb211_200_30_14_173.bmp
1875,Dataset2/Char/10/Cdts211_200_31_12_173.bmp
1876,Dataset2/Char/10/Bwts212_200_31_16_173.bmp
1877,Dataset2/Char/10/Astb322_300_30_18_173.bmp
1878,Dataset2/Char/10/Asts321_300_31_16_173.bmp
1879,Dataset2/Char/10/Bwtb322_300_30_16_173.bmp
1880,Dataset2/Char/10/Ectb212_200_30_18_173.bmp
1881,Dataset2/Char/10/Dltb213_200_30_20_173.bmp
1882,Dataset2/Char/10/Astb212_200_30_20_173.bmp
1883,Dataset2/Char/10/Asts212_200_31_22_173.bmp
1884,Dataset2/Char/10/Bwts321_300_31_14_173.bmp
1885,Dataset2/Char/10/Cdts212_200_31_16_173.bmp
1886,Dataset2/Char/10/Asts331_300_31_16_173.bmp
1887,Dataset2/Char/10/Cdtb212_200_30_16_173.bmp
1888,Dataset2/Char/10/KTTB213_200_30_20_173.bmp
1889,Dataset2/Char/10/JTTB212_200_30_18_173.bmp
1890,Dataset2/Char/10/Bwts312_300_31_18_173.bmp
1891,Dataset2/Char/10/Cdtb213_200_30_20_173.bmp
1892,Dataset2/Char/10/Cdts212_200_31_18_173.bmp
1893,Dataset2/Char/10/KTTB213_200_30_22_173.bmp
1894,Dataset2/Char/10/FSTS213_200_31_22_173.bmp
1895,Dataset2/Char/10/Asts332_300_31_18_173.bmp
1896,Dataset2/Char/10/Bwts312_300_31_16_173.bmp
1897,Dataset2/Char/10/JTTS212_200_31_22_173.bmp
1898,Dataset2/Char/10/Bwtb321_300_30_14_173.bmp
1899,Dataset2/Char/10/IRTB212_200_30_16_173.bmp
1900,Dataset2/Char/10/Asts311_300_31_16_173.bmp
1901,Dataset2/Char/10/Bwts213_200_31_22_173.bmp
1902,Dataset2/Char/10/KTTS213_200_31_20_173.bmp
1903,Dataset2/Char/10/Ects212_200_31_18_173.bmp
1904,Dataset2/Char/10/IRTS212_200_31_16_173.bmp
1905,Dataset2/Char/10/Bwtb323_300_30_22_173.bmp
1906,Dataset2/Char/10/Bwtb213_200_30_22_173.bmp
1907,Dataset2/Char/10/Dltb212_200_30_18_173.bmp
1908,Dataset2/Char/10/Bwtb323_300_30_20_173.bmp
1909,Dataset2/Char/10/Asts332_300_31_20_173.bmp
1910,Dataset2/Char/10/FSTS211_200_31_12_173.bmp
1911,Dataset2/Char/10/KTTS212_200_31_18_173.bmp
1912,Dataset2/Char/10/Bwts313_300_31_22_173.bmp
1913,Dataset2/Char/10/Astb211_200_30_16_173.bmp
1914,Dataset2/Char/10/IRTS213_200_31_20_173.bmp
1915,Dataset2/Char/10/JTTB212_200_30_22_173.bmp
1916,Dataset2/Char/10/Asts211_200_31_16_173.bmp
1917,Dataset2/Char/10/FSTB212_200_30_18_173.bmp
1918,Dataset2/Char/10/Astb312_300_30_22_173.bmp
1919,Dataset2/Char/10/KTTS213_200_31_22_173.bmp
1920,Dataset2/Char/10/Bwts212_200_31_18_173.bmp
1921,Dataset2/Char/10/Cdts213_200_31_22_173.bmp
1922,Dataset2/Char/10/Astb321_300_30_16_173.bmp
1923,Dataset2/Char/10/KKTB211_200_30_10_173.bmp
1924,Dataset2/Char/10/Astb312_300_30_18_173.bmp
1925,Dataset2/Char/10/Bwts213_200_31_20_173.bmp
1926,Dataset2/Char/10/IRTB212_200_30_18_173.bmp
1927,Dataset2/Char/10/KKTB212_200_30_20_173.bmp
1928,Dataset2/Char/10/Asts311_300_31_14_173.bmp
1929,Dataset2/Char/10/KTTS211_200_31_12_173.bmp
1930,Dataset2/Char/10/Asts312_300_31_18_173.bmp
1931,Dataset2/Char/10/Ects213_200_31_22_173.bmp
1932,Dataset2/Char/10/IRTB213_200_30_22_173.bmp
1933,Dataset2/Char/10/Cdts213_200_31_20_173.bmp
1934,Dataset2/Char/10/Bwts211_200_31_14_173.bmp
1935,Dataset2/Char/10/Asts312_300_31_20_173.bmp
1936,Dataset2/Char/10/Ectb212_200_30_16_173.bmp
1937,Dataset2/Char/10/KKTB212_200_30_18_173.bmp
1938,Dataset2/Char/10/Astb322_300_30_22_173.bmp
1939,Dataset2/Char/10/IRTS211_200_31_14_173.bmp
1940,Dataset2/Char/10/Dltb213_200_30_22_173.bmp
1941,Dataset2/Char/10/Dlts213_200_31_20_173.bmp
1942,Dataset2/Char/10/Dlts213_200_31_22_173.bmp
1943,Dataset2/Char/10/Cdtb213_200_30_22_173.bmp
1944,Dataset2/Char/10/Ects211_200_31_14_173.bmp
1945,Dataset2/Char/10/Asts332_300_31_22_173.bmp
1946,Dataset2/Char/10/Ectb211_200_30_14_173.bmp
1947,Dataset2/Char/10/KKTS211_200_31_16_173.bmp
1948,Dataset2/Char/10/Bwtb213_200_30_20_173.bmp
1949,Dataset2/Char/10/KKTS212_200_31_20_173.bmp
1950,Dataset2/Char/10/KTTS212_200_31_16_173.bmp
1951,Dataset2/Char/10/Bwts211_200_31_10_173.bmp
1952,Dataset2/Char/10/Bwts322_300_31_16_173.bmp
1953,Dataset2/Char/10/FSTB213_200_30_22_173.bmp
1954,Dataset2/Char/10/Cdtb211_200_30_14_173.bmp
1955,Dataset2/Char/10/KKTB211_200_30_16_173.bmp
1956,Dataset2/Char/10/Asts322_300_31_22_173.bmp
1957,Dataset2/Char/10/JTTS212_200_31_18_173.bmp
1958,Dataset2/Char/10/Bwtb212_200_30_16_173.bmp
